"TRADE.NAME","OpenCat","street","lon","lat"
"Noodles on 11","2008-9","1100 NEW YORK AVE NW",-77.0276176806966,38.9002980806966
"Capital City Brewing 
Company","2007 or earlier","1100 NEW YORK AVE NW UNIT A",-77.0276174222384,38.9002978222384
"Haad Thai Restaurant","2007 or earlier","1100 NEW YORK AVE NW",-77.0276174523596,38.9002978523596
"BiBiana","2008-9","1100 NEW YORK AVE NW",-77.0276171899173,38.9002975899173
"Station 4","2010-11","1101 4TH ST SW",-77.0180472289684,38.8776688289684
"Teddy","2012-13","1200 19TH ST NW",-77.043848611508,38.906100411508
"Elephant & Castle Pub 
Restaurant","2007 or earlier","1201 PENNSYLVANIA AVE NW",-77.0287258750948,38.8957403750948
"& Pizza","2014-15","1215 CONNECTICUT AVE NW",-77.0410912513841,38.9064154513842
"Heist","2012-13","1216 18TH ST NW",-77.0418927237256,38.9063487237256
"Shake Shack","2010-11","1216 18TH ST NW",-77.041892346171,38.906348346171
"The Pug","2007 or earlier","1234 H ST NE",-76.9890319302742,38.9003886302742
"Alero Restaurant and 
Lounge","2007 or earlier","1301 U ST NW",-77.0304236794335,38.9172899794335
"Red Apron at Union Market","2012-13","1309 5TH ST NE",-76.9973801548667,38.9086083548667
"Bidwell‐PORTABLE BAR","2012-13","1309 5TH ST NE",-76.9973801131952,38.9086083131952
"The District Fishwife","2012-13","1309 5TH ST NE",-76.9973799661513,38.9086081661513
"Buffalo & Bergen","2014-15","1309 5TH ST NE",-76.997379852999,38.908608052999
"Rappahannock Oyster Bar","2012-13","1309 5TH ST NE",-76.9973800881913,38.9086082881913
"The Codmother","2010-11","1334 U ST NW UNIT A",-77.0309336349299,38.9168233349299
"Kabin","2012-13","1337 CONNECTICUT AVE NW",-77.0421166115626,38.9083217115626
"Lou's Bar & Grill","2010-11","1400 IRVING ST NW",-77.0335766533921,38.9284987533921
"Acre 121","2010-11","1400 IRVING ST NW",-77.033577304253,38.928499404253
"Beefsteak","2014-15","1528 CONNECTICUT AVE NW",-77.0444361937489,38.9107722937489
"The Bottom Line","2007 or earlier","1716 I ST NW UNIT A",-77.0402626999441,38.9010547999441
"Mackey's","2007 or earlier","1823 L ST NW",-77.0426704146029,38.9040178146029
"Second State","2014-15","1831 M ST NW",-77.0429851542336,38.9058509542336
"Cloud Restaurant & Lounge","2012-13","1919 9TH ST NW",-77.023701149936,38.916364749936
"Vidalia","2007 or earlier","1990 M ST NW",-77.0445715393068,38.9054353393068
"The Big Stick","2014-15","20 M ST SE",-77.007926436395,38.876779236395
"LIV Nightclub","2007 or earlier","2001 11TH ST NW UNIT B",-77.0267576857463,38.9171906857463
"Lost Society","2010-11","2001 14TH ST NW",-77.0315611547077,38.9171776547077
"Union Pub","2007 or earlier","201 MASSACHUSETTS AVE NE",-77.0030411820728,38.8945887820729
"Bangkok Thai Dining","2008-9","2016 P ST NW",-77.0456105364669,38.9094796364669
"Obelisk","2010-11","2029 P ST NW",-77.0462275612152,38.9098773612152
"SOI 38","2014-15","2101 L ST NW",-77.047081798697,38.904105298697
"Bobby's Burger Palace","2010-11","2121 K ST NW",-77.0471804488022,38.9029066488022
"Arcuri","2012-13","2400 WISCONSIN AVE NW",-77.072305710082,38.921507510082
"100 Montaditos","2012-13","300 TINGEY ST SE",-77.0012695645914,38.8752112645913
"Nando's Peri Peri","2012-13","300 TINGEY ST SE",-77.0012695223557,38.8752112223557
"Farmers Fishers Bakers","2012-13","3000 K ST NW",-77.0599100990911,38.9019793990911
"Tony & Joe's Seafood Place","2007 or earlier","3000 K ST NW",-77.0599108347698,38.9019801347698
"Osteria Morini/Nicoletta","2014-15","301 WATER ST SE",-77.0015544208204,38.8734524208204
"Agua 301","2014-15","301 WATER ST SE",-77.0015547211113,38.8734527211113
"Orange Anchor","2014-15","3050 K ST NW",-77.060741311078,38.902080111078
"Nick's Riverside Grille","2007 or earlier","3050 K ST NW UNIT A",-77.060741626888,38.902080426888
"Al Dente","2012-13","3201 NEW MEXICO AVE NW",-77.0849163566937,38.9330442566937
"Chef Geoff's","2007 or earlier","3201 NEW MEXICO AVE NW",-77.0849166879117,38.9330445879117
"Cafe Milano","2007 or earlier","3251 PROSPECT ST NW",-77.0640795109706,38.9061897109706
"Chinese Disco","2014-15","3251 PROSPECT ST NW UNIT CS1",-77.0640799482135,38.9061901482136
"Georgetown Piano Bar","2014-15","3287 M ST NW",-77.0656650732513,38.9053268732513
"Gypsy Sally's","2012-13","3401 K ST NW",-77.0681037000977,38.9041457000977
"Le Caprice DC Café Bakery","2008-9","3460 14TH ST NW",-77.0330397869137,38.9325239869137
"Sisy's","2014-15","3911 14TH ST NW",-77.0324285628327,38.9390315628327
"Belga Cafe","2007 or earlier","514 8TH ST SE",-76.994596479824,38.882212079824
"Garrison","2014-15","524 8TH ST SE",-76.9946232140227,38.8818337140227
"Lunchbox","2014-15","5335 WISCONSIN AVE NW",-77.0849154136234,38.9604272136234
"Range Aggio","2012-13","5335 WISCONSIN AVE NW",-77.0849160346103,38.9604278346103
"Fuel Pizza & Wings","2014-15","600 F ST NW",-77.0201558044246,38.8970743044246
"Capital Grille","2007 or earlier","601 PENNSYLVANIA AVE NW",-77.0205558454668,38.8933253454668
"Bar Louie","2007 or earlier","701 7TH ST NW",-77.0208636036041,38.8992303036041
"Zaytinya","2007 or earlier","701 9TH ST NW",-77.0234878873883,38.8990110873883
"NOPA","2012-13","800 F ST NW",-77.0234858913628,38.8969090913628
"Plan B Burger Bar","2014-15","801 PENNSYLVANIA AVE NW",-77.023507067922,38.894388567922
"Grillfish","2007 or earlier","1200 NEW HAMPSHIRE AVE NW",-77.0476447172722,38.9058342172722
"The Front Page Restaurant 
& Grille","2007 or earlier","1333 NEW HAMPSHIRE AVE NW",-77.0439701130154,38.9084486130155
"BIN‐1301","2014-15","1301 U ST NW",-77.0304237741436,38.9172900741436
"Blues Alley Jazz","2007 or earlier","1069 RR WISCONSIN AVE NW",-77.0624718479327,38.9046449479327
"Dolcezza Gelato","2014-15","550 PENN ST NE",-76.9961221009554,38.9101479009555
"Lucky Strike","2007 or earlier","701 7TH ST NW C",-77.0208638993585,38.8992305993585
"Luke's Lobster","2010-11","624 E ST NW",-77.0210720736677,38.8955363736677
"Makoto Restaurant","2007 or earlier","4822 MACARTHUR BLVD NW STE A",-77.0963937488656,38.9167581488656
"BARMINI","2012-13","855 E ST NW",-77.0236006858502,38.8963746858502
"Muzette","2010-11","2305 18TH ST NW 1",-77.0414100511201,38.9198401511201
"Peacock Cafe","2007 or earlier","3251 PROSPECT ST NW F",-77.0640796405225,38.9061897405225
"Purple Patch","2014-15","3155 MOUNT PLEASANT ST NW 101",-77.0376840106623,38.9305717106623
"Red, White and Basil","2014-15","1781 FLORIDA AVE NW",-77.0408697217681,38.9174820217681
"Righteous Cheese","2012-13","1309 5TH ST NE 502",-76.9973798523171,38.9086080523171
"Sala Thai","2012-13","2300‐2350",-76.9947935101871,38.9212243101871
"Terminal Alley","2014-15","3701 BENNING RD NE STE B",-76.951099887713,38.894844487713
"The Oval Room","2007 or earlier","800 CONNECTICUT AVE NW STEA",-77.0384723814286,38.9005051814286
"Tony Chengs Mongolian 
Barbeque","2007 or earlier","619 H ST NW UNIT A",-77.0208635103808,38.9001178103808
"Willie's Sports Brew & Que","2014-15","300 TINGEY ST SE 110",-77.0012691914184,38.8752108914184
"Masala Art","2014-15","1101 4TH ST SW UNIT# 120",-77.0180464,38.877668
"Woomi Koyto Sushi","2007 or earlier","201 MASSACHUSETTS AVE NE STE# 303",-77.0030403,38.8945879
"Radius","2007 or earlier","3155 MOUNT PLEASANT ST NW #101",-77.0376838,38.9305715
"Mai Thai of Georgetown","2007 or earlier","3251 PROSPECT ST NW #C‐2",-77.0640792,38.9061894
"Due South","2014-15","301 WATER ST SE STE# 101",-77.0015542,38.8734522
"Ben's Chili Bowl / Ben's 
Upstairs/Ten 01","2014-15","1001 H ST NE",-76.9924649,38.899971
"Central‐Michel Richard","2007 or earlier","1001 PENNSYLVANIA AVE NW",-77.0264904,38.895654
"& Pizza","2014-15","1005 E ST NW",-77.0263732,38.8963227
"Charlie Palmer","2007 or earlier","101 CONSTITUTION AVE NW",-77.0129121,38.8927345
"The Atlas Room","2010-11","1015 H ST NE",-76.9920617,38.8999688
"Liberty Tree","2010-11","1016 H ST NE",-76.9920088,38.9004162
"DC Thai Restaurant and 
Bakery","2010-11","1018 VERMONT AVE NW",-77.0336136,38.903237
"Busboys & Poets","2008-9","1025 5TH ST NW",-77.0186772,38.9028015
"Chez Billy Sud","2014-15","1039 31ST ST NW",-77.0608707,38.9036519
"Kintaro","2012-13","1039 33RD ST NW",-77.0658731,38.9047027
"CHOPSTICKS/HASHI SUSHI","2007 or earlier","1073 WISCONSIN AVE NW",-77.0624715,38.9046446
"Paul Bakery","2014-15","1078 WISCONSIN AVE NW",-77.0630359,38.9048482
"Momofuku/MilkBar City 
Center DC","2014-15","1090 I ST NW",-77.0267751,38.9006805
"Maddy's Tap Room","2012-13","1100 13TH ST NW",-77.0301298,38.9041814
"Aoi Japnese Restaurant","2007 or earlier","1100 NEW YORK AVE NW",-77.027617,38.9002974
"Barcode","2010-11","1101 17TH ST NW",-77.0380755,38.9041053
"Fogo De Chao Churrascaria","2007 or earlier","1101 PENNSYLVANIA AVE NW",-77.0274478,38.8954087
"Copycat Co.","2014-15","1110 H ST NE",-76.9910258,38.9004087
"Lincoln","2010-11","1110 VERMONT AVE NW",-77.0331865,38.9043232
"H & PIZZA","2012-13","1118 H ST NE",-76.9907778,38.9004125
"Taco El Chilango","2012-13","1119 V ST NW",-77.0278412,38.9182792
"Nooshi","2007 or earlier","1120 19TH ST NW",-77.043873,38.9045517
"Touche","2014-15","1123 H ST NE",-76.9905461,38.9000227
"Cusbah","2012-13","1128 H ST NE",-76.9904657,38.9003755
"grk Fresh Greek","2014-15","1140 19TH ST NW",-77.0440066,38.904951
"Mai Thai","2007 or earlier","1200 19TH ST NW",-77.0438477,38.9060995
"Nomad Hookah Bar","2014-15","1200 H ST NE",-76.9899996,38.9003862
"Del Frisco's Grille","2012-13","1201 PENNSYLVANIA AVE NW",-77.0287249,38.8957394
"Irish Whiskey","2010-11","1207 19TH ST NW",-77.0430869,38.9060229
"Kitty's Saloon","2012-13","1208 H ST NE",-76.9897893,38.9003906
"Amsterdam Lounge","2014-15","1208 U ST NW",-77.0284538,38.9168011
"Luke's Lobster","2012-13","1211 POTOMAC ST NW",-77.065017,38.9055279
"Next Door","2008-9","1211 U ST NW",-77.0287212,38.9172119
"Alphonse Italian Market & 
Osteria","2014-15","1212 U ST NW",-77.0285309,38.9167619
"Prospect DC","2014-15","1214 U ST NW",-77.028655,38.916738
"Rosebar","2008-9","1215 CONNECTICUT AVE NW",-77.0410903,38.9064145
"Sauf Haus","2014-15","1216 18TH ST NW",-77.0418918,38.9063478
"Pasara Thai DC","2008-9","1219 CONNECTICUT AVE NW",-77.0411779,38.9065208
"Dirty Martini Inn Bar/Dirty 
Bar","2010-11","1223 CONNECTICUT AVE NW",-77.0412523,38.9066832
"EL SOL RESTAURANT & 
TEQUILERIA","2014-15","1227 11TH ST NW",-77.0267628,38.9066229
"Toki Underground","2010-11","1234 H ST NE",-76.9890313,38.900388
"Smith Commons","2010-11","1245 H ST NE",-76.9886794,38.8999991
"STK","2014-15","1250 CONNECTICUT AVE NW",-77.0423311,38.9068836
"Billy Martins Tavern","2007 or earlier","1264 WISCONSIN AVE NW",-77.0632332,38.9067396
"Boss Shepherd's","2014-15","1299 PENNSYLVANIA AVE NW",-77.0288852,38.8964601
"Toro Toro","2014-15","1300 I ST NW",-77.030245,38.9010004
"Sala Thai","2007 or earlier","1301 U ST NW",-77.0304234,38.9172897
"TAKOREAN","2012-13","1309 5TH ST NE",-76.9973795,38.9086077
"District Taco","2012-13","1309 F ST NW",-77.030156,38.897597
"Laughing Man","2008-9","1310 G ST NW",-77.0302953,38.898029
"A n D","2012-13","1314 9TH ST NW",-77.0242584,38.9077796
"DGS Delicatessen","2012-13","1317 CONNECTICUT AVE NW",-77.0419663,38.907846
"Vita Restaurant and 
Lounge/Penthouse Nine","2012-13","1318 9TH ST NW",-77.0242724,38.907914
"Ankara","2014-15","1320 19TH ST NW",-77.0437473,38.9080828
"Ocopa","2014-15","1324 H ST NE",-76.9873247,38.9004
"Baan Thai","2010-11","1326 14TH ST NW",-77.0323549,38.9081481
"Rinconcito Tex‐Mex 
Restaurant","2007 or earlier","1326 PARK RD NW",-77.030736,38.9306751
"The Manor","2014-15","1327 CONNECTICUT AVE NW",-77.042124,38.908038
"Shelly's Back Room","2007 or earlier","1331 F ST NW",-77.0309302,38.8976407
"A Slice Of Italy Pizzeria","2008-9","1331 PENNSYLVANIA AVE NW",-77.0308386,38.8963588
"CherCher Ethiopian 
Restaurant & Mart","2012-13","1334 9TH ST NW",-77.0242051,38.9083645
"Touchdown","2010-11","1334 U ST NW UNIT B",-77.0309327,38.9168224
"H Street Country Club","2008-9","1335 H ST NE",-76.9870504,38.899836
"The Gryphon","2012-13","1337 CONNECTICUT AVE NW",-77.0421159,38.908321
"Smith Point","2007 or earlier","1338 WISCONSIN AVE NW",-77.0637006,38.9076202
"Sudhouse","2014-15","1340 U ST NW",-77.0311336,38.9167845
"Twin Jazz","2007 or earlier","1344 U ST NW",-77.0312768,38.916741
"Pennsylvania 6 DC","2014-15","1350 I ST NW",-77.031325,38.9010522
"Maketto","2014-15","1351 H ST NE",-76.9866714,38.8998733
"Rock N Roll Hotel","2007 or earlier","1353 H ST NE",-76.9865726,38.8998779
"Impala Cantina Y Taqueria","2014-15","1358 H ST NE",-76.9863418,38.9004275
"Imm  On  H","2014-15","1360 H ST NE",-76.9862741,38.9003884
"Avery's Bar and Lounge","2012-13","1370 H ST NE",-76.9859447,38.9003907
"Opera Ultra Lounge","2010-11","1400 I ST NW",-77.0322568,38.9010349
"Pete's New Haven Style 
Pizza","2008-9","1400 IRVING ST NW",-77.0335765,38.9284986
"Pica Taco","2010-11","1406 FLORIDA AVE NW",-77.032476,38.9197606
"Tattoo","2007 or earlier","1413 K ST NW",-77.0327049,38.9029192
"The Pursuit","2014-15","1421 H ST NE",-76.9847193,38.8999863
"Logan Tavern","2007 or earlier","1423 P ST NW",-77.0327661,38.9098143
"MI CUBA CAFE","2012-13","1424 PARK RD NW",-77.0336992,38.9304574
"Woodward 
Table/WTF(Woodward","2012-13","1426 H ST NW",-77.0333302,38.8999905
"The Argonaut","2007 or earlier","1433 H ST NE",-76.9842579,38.9000346
"CHAPLIN","2014-15","1501 9TH ST NW",-77.0237631,38.9098
"Claudia's Steakhouse","2014-15","1501 K ST NW",-77.0351077,38.9029826
"Queen of Sheba","2007 or earlier","1503 9TH ST NW",-77.0236829,38.9098686
"Duke's Grocery","2012-13","1513 17TH ST NW",-77.038236,38.9102043
"Uncle Chip's","2014-15","1514 NORTH CAPITOL ST NW",-77.0093667,38.9101063
"Pasha's Kitchen","2014-15","1523 17TH ST NW",-77.0381723,38.9105751
"Agora","2010-11","1527 17TH ST NW",-77.0381336,38.9106795
"BGR The Burger Joint","2014-15","1528 CONNECTICUT AVE NW",-77.0444354,38.9107715
"Beau Thai","2014-15","1550 7TH ST NW",-77.0221507,38.9109502
"Los Cuates Restaurant","2008-9","1564 WISCONSIN AVE NW",-77.0651793,38.91045
"DACHA BEER GARDEN","2014-15","1600 7TH ST NW",-77.0221698,38.9112383
"P.J. Clarke's And SideCar","2010-11","1600 K ST NW",-77.0369613,38.9021571
"Circa at Dupont","2007 or earlier","1601 CONNECTICUT AVE NW",-77.0440805,38.9113709
"The Public Option","2014-15","1601 RHODE ISLAND AVE NE",-76.9816661,38.9260968
"Mission","2014-15","1606 20TH ST NW",-77.045194,38.9114799
"Fuel Pizza & Wings","2012-13","1606 K ST NW",-77.0371149,38.902269
"Uptown Ethiopian Fusion 
Cuisine","2012-13","1608 7TH ST NW",-77.0222208,38.9114932
"Ghibellina/Sotto","2012-13","1610 14TH ST NW",-77.0323348,38.9115306
"Nazca Restaurant/ Mochica 
Restaurant","2014-15","1633 P ST NW",-77.037938,38.9098267
"CUSTOM FUEL PIZZA AND 
SALADS","2014-15","1635 CONNECTICUT AVE NW",-77.0445594,38.912228
"Some Place Else Bar & Grill","2014-15","1637 R ST NW",-77.038101,38.912815
"Pho Viet & Grille","2012-13","1639 WISCONSIN AVE NW",-77.0652297,38.9114529
"Doner Bistro","2012-13","1654 COLUMBIA RD NW",-77.038541,38.9250461
"Noodles & Company","2012-13","1667 K ST NW",-77.0381503,38.9030289
"Big Bear Cafe","2010-11","1700 1ST ST NW",-77.0124054,38.9127558
"Kellari","2008-9","1700 K ST NW",-77.0400489,38.9021227
"BKK Cookshop","2014-15","1700 NEW JERSEY AVE NW",-77.017856,38.912746
"Eye Bar/Garden of Eden","2010-11","1716 I ST NW",-77.0402625,38.9010546
"Asia DC","2007 or earlier","1720 I ST NW",-77.0403996,38.9010432
"Casbah Cafe/Ledo Pizza 
Restaurant","2007 or earlier","1721 WISCONSIN AVE NW",-77.0667758,38.9144145
"Salty Dog Tavern","2014-15","1723 CONNECTICUT AVE NW",-77.045169,38.913353
"Maddy's Bar and Grille","2008-9","1726 CONNECTICUT AVE NW",-77.0459769,38.9134845
"French Bistro Bistro B 
Lounge","2008-9","1727 CONNECTICUT AVE NW",-77.0451801,38.9134282
"gcdc","2014-15","1730 PENNSYLVANIA AVE NW",-77.0403286,38.898714
"Shanghai Lounge","2010-11","1734 WISCONSIN AVE NW",-77.0673287,38.9145606
"Custom Fuel/Fuel Pizza","2012-13","1747 PENNSYLVANIA AVE NW",-77.0409448,38.8996313
"Dahlak Restaurant","2007 or earlier","1771 U ST NW",-77.041334,38.9172113
"Taberna Del Alabardero","2007 or earlier","1776 I ST NW",-77.0413153,38.9009454
"Vapiano","2007 or earlier","1800 M ST NW",-77.042174,38.9050914
"Rasoi","2010-11","1810 K ST NW",-77.0424146,38.902038
"Sip","2014-15","1812 HAMLIN ST NE",-76.9783441,38.9284497
"Ozio Martini & Cigar 
Lounge","2007 or earlier","1813 M ST NW",-77.0423903,38.905927
"Noodles & Company","2012-13","1815 WISCONSIN AVE NW",-77.0671453,38.9152383
"Pop's Seabar 1","2014-15","1817 COLUMBIA RD NW",-77.0436543,38.9219655
"Ted's Bulletin","2012-13","1818 14TH ST NW",-77.032361,38.914722
"EL CENTRO  D.F.","2010-11","1819 14TH ST NW",-77.0315241,38.9146935
"Cashions Eat Place","2007 or earlier","1819 COLUMBIA RD NW",-77.0436839,38.9219075
"Recessions II","2007 or earlier","1823 L ST NW",-77.0426698,38.9040172
"Ziegfeld's/Secrets","2008-9","1824 HALF ST SW",-77.0104392,38.867474
"Masa 14","2008-9","1825 14TH ST NW",-77.0315549,38.9148801
"Bar Charley","2012-13","1825 18TH ST NW",-77.041386,38.915034
"Buca Di Beppo","2007 or earlier","1825 CONNECTICUT AVE NW",-77.0456242,38.9151844
"Sign of the Whale","2007 or earlier","1825 M ST NW",-77.0427804,38.9059315
"Parlay","2014-15","1827 M ST NW",-77.0428632,38.9058973
"Veloce","2014-15","1828 L ST NW",-77.0428976,38.9034664
"1831","2014-15","1831 M ST NW",-77.0429845,38.9058503
"Aroi Thai Cuisine","2012-13","1832 1ST ST NW",-77.0124179,38.9152755
"Bar Pilar","2007 or earlier","1833 14TH ST NW",-77.0315917,38.915125
"Cafe Divan","2007 or earlier","1834 WISCONSIN AVE NW",-77.0677574,38.9154361
"Rebellion","2014-15","1836 18TH ST NW",-77.0418366,38.9153387
"Boqueria","2012-13","1837 M ST NW",-77.0431399,38.905921
"Bistro Bohem","2012-13","1840 6TH ST NW",-77.020177,38.915356
"Bedrock Billiards","2007 or earlier","1841 COLUMBIA RD NW",-77.0440015,38.9215171
"Cafe Saint‐Ex","2007 or earlier","1847 14TH ST NW",-77.031671,38.915421
"Lapis","2014-15","1847 COLUMBIA RD NW",-77.0439425,38.9213797
"Rumors Restaurant","2007 or earlier","1900 M ST NW",-77.0438864,38.905365
"Policy","2008-9","1904 14TH ST NW",-77.0322369,38.9157619
"1905","2008-9","1905 9TH ST NW",-77.023727,38.9159339
"Ambassador Restaurant","2008-9","1907 9TH ST NW",-77.0237038,38.9159888
"Cities DC","2014-15","1909 K ST NW",-77.0439865,38.9028935
"The Regent Thai Cuisine","2007 or earlier","1910 18TH ST NW",-77.0419628,38.9160394
"Dino's Grotto","2014-15","1914 9TH ST NW",-77.0242518,38.9160359
"Kaz Sushi","2007 or earlier","1915 I ST NW",-77.0442438,38.9016007
"Habesha Market & Carry‐
Out Restaurant","2007 or earlier","1919 9TH ST NW",-77.0237002,38.9163638
"Freedom Lounge","2014-15","1920 9TH ST NW",-77.0242247,38.9161862
"Appioo","2014-15","1924 9TH ST NW",-77.0242813,38.9162871
"Al Crostino","2014-15","1926 9TH ST NW",-77.0242842,38.9163382
"Maraki Restaurant & 
Lounge","2012-13","1930 9TH ST NW",-77.0242852,38.916432
"Boss Burger","2014-15","1931 14TH ST NW",-77.0315509,38.9166509
"Salina Restaurant","2008-9","1936 9TH ST NW",-77.0242763,38.9166138
"Vinoteca","2007 or earlier","1940 11TH ST NW",-77.0273504,38.9167993
"DC 9","2007 or earlier","1940 9TH ST NW",-77.0242746,38.9167014
"Etete Ethiopian Cuisine","2007 or earlier","1942 9TH ST NW",-77.0242285,38.9167494
"Yamas Mediterranean Grill","2014-15","1946 NEW HAMPSHIRE AVE NW",-77.0371616,38.9166887
"Nagomi","2014-15","1990 M ST NW",-77.0445711,38.9054349
"The Big Stick","2014-15","20 M ST SE",-77.0079259,38.8767787
"Hitching Post Restaurant","2007 or earlier","200 UPSHUR ST NW",-77.0138061,38.9420384
"Pizzeria Paradiso","2008-9","2000 MASSACHUSETTS AVE NW",-77.0449154,38.9101396
"Bertucci's Brick Oven 
Pizzeria","2007 or earlier","2000 PENNSYLVANIA AVE NW",-77.0457525,38.9002964
"The Tap & 
Parlour/Bohemian Caverns","2007 or earlier","2001 11TH ST NW UNIT A",-77.0267574,38.9171904
"Music & Arts 
Club/Tropicalia","2012-13","2001 14TH ST NW",-77.0315607,38.9171772
"Pesce","2007 or earlier","2002 P ST NW",-77.0452913,38.9094481
"The Blaguard","2008-9","2003 18TH ST NW",-77.0413854,38.9172908
"Duplex Diner","2007 or earlier","2004 18TH ST NW",-77.0418772,38.9172157
"Marvin","2007 or earlier","2007 14TH ST NW",-77.0316788,38.9173169
"Jack Rose","2010-11","2007 18TH ST NW",-77.0412918,38.9173956
"Town","2014-15","2009 8TH ST NW",-77.0226758,38.9170925
"Slash Run","2014-15","201 UPSHUR ST NW",-77.0138611,38.9424138
"Ghion Restaurant and 
Lounge","2010-11","2010 9TH ST NW",-77.024246,38.9173872
"Thai Phoon","2014-15","2011 S ST NW",-77.0454802,38.9143377
"Ezme","2008-9","2016 P ST NW",-77.0456101,38.9094792
"Jin","2014-15","2017 14TH ST NW",-77.0315936,38.9176416
"Chix","2007 or earlier","2019 11TH ST NW",-77.0268024,38.9175819
"Park Tavern","2012-13","202 M ST SE",-77.0031168,38.8770973
"Thaixing 9th Street","2014-15","2020 9TH ST NW",-77.0242087,38.9176109
"India Gate","2014-15","2020 P ST NW",-77.0458362,38.9094496
"THOMAS FOOLERY","2010-11","2029 P ST NW",-77.046227,38.9098768
"McClellan's Retreat","2014-15","2031 FLORIDA AVE NW",-77.0465535,38.914353
"Tonic","2007 or earlier","2036 G ST NW",-77.046469,38.8980798
"Satellite Room","2012-13","2047 9TH ST NW",-77.0239014,38.9178358
"Provision No. 14","2014-15","2100 14TH ST NW",-77.0323432,38.9182575
"Scion Restaurant","2008-9","2100 P ST NW",-77.0469296,38.9095365
"Stoney's on L","2014-15","2101 L ST NW",-77.0470815,38.904105
"Duffy's Irish Restaurant and
Pub","2007 or earlier","2106 VERMONT AVE NW",-77.0249709,38.918465
"Acqua al 2/Suna/Harold 
Black Bar","2010-11","212 7TH ST SE",-76.9958366,38.8868579
"Sugar","2014-15","2121 K ST NW",-77.0471797,38.9029059
"Asia 54","2012-13","2122 P ST NW",-77.0476099,38.9095043
"Stadium Club","2010-11","2127 QUEENS CHAPEL RD NE",-76.9722332,38.9196577
"Cafe Romeo's","2007 or earlier","2132 WISCONSIN AVE NW",-77.0704109,38.918465
"Char Bar Restaurant and 
Eli's Market","2014-15","2142 L ST NW",-77.0482944,38.9035686
"Cedar Hill Bar & Grill / 
Uniontown Bar & Grill","2012-13","2200 MARTIN LUTHER KING JR AVE SE",-76.9895898,38.864763
"District Commons/Burger 
Tap & Shake","2010-11","2200 PENNSYLVANIA AVE NW",-77.0494457,38.9016524
"Nido","2014-15","2214 RHODE ISLAND AVE NE",-76.9735346,38.930654
"Mad Fox Brewing Company 
Taproom","2014-15","2218 WISCONSIN AVE NW",-77.0713275,38.9195584
"Circa at Foggy Bottom","2010-11","2221 I ST NW",-77.0497071,38.9009754
"Sonoma","2007 or earlier","223 PENNSYLVANIA AVE SE",-77.0026662,38.8869787
"Breadsoda","2008-9","2233 WISCONSIN AVE NW",-77.0707471,38.9199523
"Boxcar Tavern","2012-13","224 7TH ST SE",-76.995818,38.886555
"Himalayan Heritage","2008-9","2305 18TH ST NW",-77.0414099,38.91984
"Sushi Keiko","2014-15","2309 WISCONSIN AVE NW",-77.0716961,38.9205855
"Momoyama","2007 or earlier","231 2ND ST NW",-77.0133514,38.8932471
"Cafe Sorriso","2010-11","2311 CALVERT ST NW",-77.0510011,38.9237633
"Bourbon","2007 or earlier","2321 18TH ST NW",-77.0415796,38.9202658
"The Town Tavern","2008-9","2323 18TH ST NW",-77.0415492,38.9203387
"The Green Island 
Cafe/Heaven & Hell","2007 or earlier","2327 18TH ST NW",-77.0416643,38.9204277
"Hamilton's Bar & Grill","2007 or earlier","233 2ND ST NW",-77.0134201,38.8933139
"Johnny Pistolas","2012-13","2333 18TH ST NW",-77.0416965,38.9204776
"High Dive","2014-15","2337 18TH ST NW",-77.0416628,38.920603
"Busboys & Poets ‐ Takoma","2014-15","235 CARROLL ST NW",-77.0153661,38.9752725
"Heritage India/Malgudi","2007 or earlier","2400 WISCONSIN AVE NW",-77.0723052,38.921507
"Slate Wine Bar & Bistro","2012-13","2404 WISCONSIN AVE NW",-77.0723232,38.9215377
"Ventnor Sports Cafe","2008-9","2411 18TH ST NW",-77.0417507,38.9208816
"Black Squirrel","2008-9","2427 18TH ST NW UNIT B",-77.041859,38.921233
"BUL","2014-15","2431 18TH ST NW",-77.0419111,38.9213451
"Libertine","2012-13","2435 18TH ST NW",-77.0418975,38.9214331
"Creme","2014-15","2436 14TH ST NW",-77.0323243,38.9214784
"Mellow Mushroom","2010-11","2436 18TH ST NW",-77.0426657,38.9215518
"Grand Central","2007 or earlier","2447 18TH ST NW",-77.0420238,38.9217499
"DC Shenanigans","2010-11","2450 18TH ST NW",-77.0427113,38.9219324
"Bossa Brazilian Bistro","2007 or earlier","2463 18TH ST NW",-77.0421439,38.9220909
"Smoke & Barrel","2010-11","2471 18TH ST NW",-77.0422175,38.9222858
"Songbyrd","2014-15","2477 18TH ST NW",-77.0422671,38.9223987
"TD   BURGER","2012-13","250 K ST NE",-77.0024769,38.9030971
"The 51st State","2007 or earlier","2512 L ST NW",-77.053916,38.9035
"CHARMTHAI","2007 or earlier","2514 L ST NW",-77.053978,38.9035
"Bayou","2007 or earlier","2519 PENNSYLVANIA AVE NW",-77.053833,38.9041799
"FLAVORS OF 
INDIA/MARSHALL'S BAR","2012-13","2524 L ST NW",-77.0543178,38.9035026
"Dulcinea Bar and Grill","2012-13","2618 GEORGIA AVE NW",-77.0229119,38.924755
"Woodley Cafe","2007 or earlier","2619 CONNECTICUT AVE NW",-77.0513919,38.9241507
"Macintyre's Pub","2014-15","2621 CONNECTICUT AVE NW",-77.0514211,38.9241945
"Umi Japanese Cuisine","2010-11","2625 CONNECTICUT AVE NW",-77.0514811,38.924309
"Peace Lounge","2014-15","2632 GEORGIA AVE NW",-77.022931,38.9250148
"Noodles & Company","2012-13","2635 CONNECTICUT AVE NW",-77.0517207,38.9246042
"Cafe Paradiso","2007 or earlier","2649 CONNECTICUT AVE NW",-77.0519675,38.9249743
"HOT AND JUICY CRAWFISH","2010-11","2651 CONNECTICUT AVE NW",-77.0519988,38.9250263
"Panda Gourmet","2012-13","2700 NEW YORK AVE NE",-76.9704721,38.9177601
"Le Pain Quotidien","2007 or earlier","2815 M ST NW",-77.0575551,38.9054735
"Lillie's Restaurant","2010-11","2915 CONNECTICUT AVE NW",-77.0539639,38.928671
"Maxime Steak Frites & Bar","2014-15","2915 M ST NW",-77.0586012,38.9054729
"Unum","2010-11","2917 M ST NW",-77.0586757,38.9054562
"Pier 2934","2014-15","2934 M ST NW",-77.0590162,38.9050378
"Bluejacket/The Arsenal","2012-13","300 TINGEY ST SE",-77.0012686,38.8752103
"Sequoia Grill","2007 or earlier","3000 K ST NW STE # 00500",-77.0599099,38.9019792
"I‐Thai","2014-15","3003 M ST NW",-77.0594061,38.9053678
"Kruba","2012-13","301 TINGEY ST SE",-77.0015851,38.8743618
"We, The Pizza","2007 or earlier","305 PENNSYLVANIA AVE SE",-77.0017193,38.8866041
"Fiola Mare","2014-15","3050 K ST NW",-77.0607409,38.9020797
"Pupuseria San Miguel","2007 or earlier","3110 MOUNT PLEASANT ST NW",-77.0377337,38.9291859
"Colony Club","2014-15","3118 GEORGIA AVE NW",-77.02372,38.929572
"Marleny's Restaurant & 
Carryout","2008-9","3201 MOUNT PLEASANT ST NW",-77.0380977,38.9312979
"Wagshal's","2007 or earlier","3201 NEW MEXICO AVE NW",-77.0849157,38.9330436
"Room 11","2008-9","3234 11TH ST NW",-77.0280954,38.9304849
"Montmartre/7th Hill","2007 or earlier","327 7TH ST SE",-76.996494,38.885356
"Harmony Cafe","2007 or earlier","3287 M ST NW",-77.0656643,38.9053261
"Hawk N' Dove","2007 or earlier","329 PENNSYLVANIA AVE SE",-77.0012272,38.8863627
"Serendipity","2014-15","3301 12TH ST NE",-76.9906646,38.930785
"Raku","2014-15","3312 WISCONSIN AVE NW",-77.0724584,38.9340654
"Coppi's  Organic Restaurant","2014-15","3321 CONNECTICUT AVE NW",-77.0572435,38.9341672
"EL TIO","2014-15","3345 14TH ST NW",-77.0324175,38.9310079
"Meridian Pint","2010-11","3400 11TH ST NW",-77.0285086,38.9319963
"Malmaison","2012-13","3401 K ST NW",-77.0681034,38.9041454
"Kangaroo Boxing Club","2012-13","3410 11TH ST NW",-77.028545,38.9321621
"Gloria's Restaurant & Carry 
Out","2007 or earlier","3411 14TH ST NW",-77.0323754,38.9318599
"Maple","2012-13","3418 11TH ST NW",-77.0285918,38.9322926
"Cleveland Park Bar & Grill","2007 or earlier","3421 CONNECTICUT AVE NW",-77.0577053,38.9350651
"Zeba Bar & Grill","2014-15","3423 14TH ST NW",-77.0324325,38.9322279
"St. Arnold's Mussel Bar","2010-11","3433 CONNECTICUT AVE NW",-77.0579736,38.9353295
"Thip Khao","2014-15","3460 14TH ST NW",-77.033039,38.9325232
"La Gran Villa","2012-13","3475 14TH ST NW",-77.0323691,38.9344222
"Alero Restaurant","2007 or earlier","3500 CONNECTICUT AVE NW",-77.0589448,38.9357588
"Paragon Thai Restaurant","2008-9","3507 CONNECTICUT AVE NW",-77.058119,38.9359351
"Smith Public Trust","2014-15","3514 12TH ST NE",-76.9912351,38.9329734
"Sorriso","2007 or earlier","3518 CONNECTICUT AVE NW",-77.0591574,38.9361414
"Siam House DC","2007 or earlier","3520 CONNECTICUT AVE NW",-77.0593023,38.9362135
"Juanita's Restaurant","2012-13","3521 14TH ST NW",-77.0324398,38.9355503
"Steel Plate","2014-15","3523 12TH ST NE",-76.990764,38.933238
"La Dulce Noche","2012-13","3566 14TH ST NW",-77.0330291,38.9361782
"Eats Place","2014-15","3607 GEORGIA AVE NW",-77.0238019,38.9347837
"BULLDOG TAVERN","2014-15","3700 O ST NW",-77.0715752,38.9076708
"Taqueria Habanero","2014-15","3710 14TH ST NW",-77.033077,38.9375513
"Red Derby","2007 or earlier","3718 14TH ST NW",-77.033092,38.937728
"San Antonio Bar & Grill III","2008-9","3908 12TH ST NE",-76.9908394,38.937608
"Sabor Latino Bar & Grill","2010-11","3910 14TH ST NW",-77.0329805,38.9389623
"El Sol Restaurant","2014-15","3911 14TH ST NW",-77.0324279,38.9390309
"Driftwood Kitchen","2014-15","400 H ST NE",-77.000381,38.900467
"Cafe Ole","2007 or earlier","4000 WISCONSIN AVE NW",-77.077104,38.9417038
"Oyamel","2007 or earlier","401 7TH ST NW",-77.0217214,38.8949709
"Philos Mezze & Wine Bar","2014-15","401 MASSACHUSETTS AVE NW",-77.0168202,38.9007564
"China Chilcano","2014-15","418 7TH ST NW",-77.0220795,38.8953419
"The Big Board","2010-11","421 H ST NE",-76.9997655,38.9000647
"Laliguras Indian & Nepali 
Bistro","2014-15","4221 CONNECTICUT AVE NW",-77.0629607,38.9438098
"Ollie's Trolley","2007 or earlier","425 12TH ST NW",-77.0277245,38.8959315
"SAFARI RESTAURANT AND 
LOUNGE","2012-13","4306 GEORGIA AVE NW",-77.0261762,38.9432153
"Harriets","2007 or earlier","432 11TH ST NW",-77.0273191,38.8958271
"Acacia Wellness Bistro","2008-9","4340 CONNECTICUT AVE NW",-77.065222,38.946214
"Hache Lounge","2012-13","441 KENNEDY ST NW",-77.0196434,38.9565915
"Burger Tap & Shake","2014-15","4445 WISCONSIN AVE NW",-77.0791955,38.9477135
"Thai Pad","2014-15","4481 CONNECTICUT AVE NW",-77.0651393,38.9476016
"Italian Pizza Kitchen","2007 or earlier","4483 CONNECTICUT AVE NW",-77.0651939,38.9477089
"Angelico Pizzeria & Cafe","2007 or earlier","4529 WISCONSIN AVE NW",-77.079679,38.948688
"Public Tenley","2014-15","4611 41ST ST NW",-77.0800289,38.9500841
"Kitty O'Shea's DC","2010-11","4624 WISCONSIN AVE NW",-77.0809288,38.9506239
"Ethiopia Restaurant & 
Market","2007 or earlier","4630 14TH ST NW",-77.0329897,38.9470024
"Satay Club Asian 
Restaurant","2008-9","4654 WISCONSIN AVE NW",-77.0810886,38.9508734
"The Highlands","2008-9","4706 14TH ST NW",-77.0330058,38.9475888
"Sandovan Restaurant & 
Lounge","2012-13","4809 GEORGIA AVE NW",-77.026716,38.9486505
"Okapi","2014-15","4811 GEORGIA AVE NW",-77.0266666,38.9487044
"Mignot","2014-15","4815 GEORGIA AVE NW",-77.0267343,38.9488201
"Little China Cafe","2007 or earlier","4830 MACARTHUR BLVD NW",-77.0965619,38.9169026
"Le Pain Quotidien","2008-9","4872 MASSACHUSETTS AVE NW",-77.0964766,38.9453246
"Le Chat Noir","2007 or earlier","4907 WISCONSIN AVE NW",-77.0820003,38.9534988
"Cafe of India","2010-11","4909 WISCONSIN AVE NW",-77.0818067,38.9537649
"Layla Lounge","2014-15","501 MORSE ST NE",-76.9988806,38.9071322
"P&P Coffeehouse","2007 or earlier","5015 CONNECTICUT AVE NW",-77.0696601,38.9554718
"Buck's Fishing & Camping","2007 or earlier","5031 CONNECTICUT AVE NW",-77.0698963,38.9558307
"Full Kee Restaurant","2007 or earlier","509 H ST NW",-77.0192989,38.8999866
"Pacifico Cantina","2012-13","514 8TH ST SE",-76.9945958,38.8822114
"Medium Rare Barracks 
Row, LLC","2012-13","515 8TH ST SE",-76.9953338,38.8822316
"DC Harvest","2014-15","517 H ST NE",-76.998807,38.899971
"Absolute Thai Restaurant","2008-9","521 G ST NW",-77.0195255,38.8986072
"El Camino Real Restaurant I 
I","2007 or earlier","5217 GEORGIA AVE NW",-77.0273091,38.9534633
"Ambar","2012-13","523 8TH ST SE",-76.995291,38.8820245
"Nooshi Capitol Hill","2012-13","524 8TH ST SE",-76.9946231,38.8818336
"Booeymonger Restaurant","2007 or earlier","5252 WISCONSIN AVE NW",-77.0851373,38.9587293
"Civil","2012-13","5335 WISCONSIN AVE NW",-77.0849152,38.960427
"Blue 44","2010-11","5507 CONNECTICUT AVE NW",-77.0743522,38.9633826
"Simple Bar and Grill","2012-13","5828 GEORGIA AVE NW",-77.0282638,38.9608627
"Mastro's Steakhouse","2014-15","600 13TH ST NW",-77.0299465,38.8977918
"MXDC","2012-13","600 14TH ST NW",-77.0322736,38.8976548
"Fuel Pizza & Wings","2012-13","600 F ST NW",-77.0201552,38.8970737
"Vie De France","2007 or earlier","600 MARYLAND AVE SW",-77.0208396,38.8861971
"Campono","2014-15","600 NEW HAMPSHIRE AVE NW",-77.054991,38.8978425
"Toscana Cafe","2008-9","601 2ND ST NE",-77.0032689,38.8974799
"The Green Turtle","2007 or earlier","601 F ST NW",-77.020963,38.8981247
"Fiola","2010-11","601 PENNSYLVANIA AVE NW",-77.020555,38.8933245
"Ming's","2008-9","617 H ST NW",-77.0207421,38.9000257
"Pound the Hill","2010-11","621 PENNSYLVANIA AVE SE",-76.9976548,38.8849544
"Serengeti","2007 or earlier","6210 GEORGIA AVE NW STE A",-77.0279049,38.9653444
"Vapiano","2008-9","623 H ST NW",-77.021023,38.9001189
"Right Proper Brewing 
Company","2012-13","624 T ST NW",-77.0214224,38.9154246
"Busboys & Poets","2014-15","625 MONROE ST NE",-76.9971168,38.9318644
"La Plaza Mexican 
Restaurant","2007 or earlier","629 PENNSYLVANIA AVE SE",-76.9974751,38.884799
"Hanks Oyster Bar","2012-13","633 PENNSYLVANIA AVE SE",-76.9973294,38.8847702
"Flash","2012-13","645 FLORIDA AVE NW",-77.0214034,38.9162711
"Le Pain Quotidien","2008-9","666 PENNSYLVANIA AVE SE",-76.996395,38.885145
"Thai Chili","2007 or earlier","701 7TH ST NW",-77.0208633,38.89923
"Zaytinya","2007 or earlier","701 9TH ST NW",-77.0234869,38.8990101
"701 Restaurant","2007 or earlier","701 PENNSYLVANIA AVE NW",-77.0224615,38.8944082
"Daikaya","2012-13","705 6TH ST NW",-77.019589,38.898603
"Red Line","2010-11","707 G ST NW",-77.0223763,38.8987971
"Addis Ethiopian Restaurant","2014-15","707 H ST NE",-76.9957866,38.8999938
"Lola's","2008-9","711 8TH ST SE",-76.9952809,38.8808332
"Molly Malone's","2008-9","713 8TH ST SE",-76.9953252,38.8807696
"Bar Deco","2014-15","717 6TH ST NW",-77.0195236,38.8988144
"The Ugly Mug Dining 
Saloon","2007 or earlier","723 8TH ST SE",-76.9953242,38.8804673
"Jackpot","2012-13","726 7TH ST NW",-77.022223,38.899323
"SAX","2010-11","734 11TH ST NW",-77.0272321,38.8993568
"FUDDRUCKERS","2007 or earlier","734 7TH ST NW",-77.0221477,38.8996059
"Absolute Noodle","2012-13","772 5TH ST NW",-77.0190397,38.8992356
"Del Campo","2012-13","777 I ST NW",-77.0227419,38.9010641
"Nile Market & Kitchen","2007 or earlier","7815 GEORGIA AVE NW",-77.0263516,38.9841329
"Shake Shack","2012-13","800 F ST NW",-77.0234853,38.8969085
"Paul Bakery","2010-11","801 PENNSYLVANIA AVE NW",-77.0235065,38.894388
"Taqueria Distrito Federal","2008-9","805 KENNEDY ST NW",-77.0244504,38.9564678
"Bacio Pizzeria","2010-11","81 SEATON PL NW",-77.0117026,38.9149499
"R F D Washington","2007 or earlier","810 7TH ST NW",-77.0222921,38.9004282
"Spice a Caribbean Jerk Joint","2010-11","826 SHEPHERD ST NW",-77.0245029,38.9395886
"Centeno's Restaurant","2012-13","827 KENNEDY ST NW",-77.0252415,38.9564749
"Petworth Citizen","2012-13","829 UPSHUR ST NW",-77.0245028,38.9421278
"Elephant & Castle Pub 
Restaurant","2008-9","900 19TH ST NW",-77.0438705,38.9016587
"Climax Restaurant & 
Hookah Bar","2012-13","900 FLORIDA AVE NW",-77.0242568,38.917733
"Nellie's Restaurant & 
Sports Bar","2007 or earlier","900 U ST NW",-77.0242445,38.9168259
"City Tap House","2012-13","901 9TH ST NW",-77.023965,38.9008796
"Ella's Wood‐Fired Pizza, LLC","2007 or earlier","901 F ST NW",-77.0244045,38.8977099
"Acadiana","2007 or earlier","901 NEW YORK AVE NW",-77.0255225,38.9020684
"The Brixton","2012-13","901 U ST NW",-77.0242027,38.9172098
"Scarlet Oak","2014-15","909 NEW JERSEY AVE SE",-77.0055059,38.8788864
"EL REY","2014-15","919 U ST NW",-77.0248297,38.9172704
"The Park Place at 14th","2007 or earlier","920 14TH ST NW",-77.0322748,38.9019218
"Co Co Sala","2008-9","927 F ST NW",-77.0252248,38.8973612
"Mango Tree","2014-15","929 H ST NW",-77.0247844,38.8999813
"Darnell's","2010-11","944 FLORIDA AVE NW",-77.0252272,38.919314
"Del Frisco's Double Eagle 
Steak House","2014-15","950 I ST NW",-77.0249258,38.9008982
"Meiwah","2007 or earlier","1200 NEW HAMPSHIRE AVE NW",-77.0476443,38.9058338
"18th Street Lounge","2007 or earlier","1212 18TH ST NW",-77.0419278,38.9062036
"Atlas Arcade/Church & 
state","2012-13","1236 H ST NE",-76.9889778,38.9004136
"Lost and Found","2014-15","1240 9TH ST NW",-77.0243719,38.9067636
"Pizza Studio","2014-15","1333 NEW HAMPSHIRE AVE NW",-77.0439697,38.9084482
"Biergarten Haus","2010-11","1355 H ST NE",-76.9864865,38.8998749
"Sticky Fingers Sweets & 
Eats DC","2007 or earlier","1370 PARK RD NW",-77.0318884,38.9303663
"& Pizza","2014-15","1400 K ST NW",-77.0322943,38.9021614
"THE ELROY","2012-13","1423 H ST NE",-76.9846556,38.9000072
"Halftime Sports Bar","2014-15","1427 H ST NE",-76.9847208,38.8999908
"Number Nine","2010-11","1435 P ST NW",-77.0333881,38.9098809
"Ivy and Coney","2014-15","1537 7TH ST NW",-77.0215835,38.9106548
"Wicked Bloom Social Club","2014-15","1540 NORTH CAPITOL ST NW",-77.0094641,38.9107024
"Penthouse Pool & Lounge","2012-13","1612 U ST NW",-77.0376102,38.9167366
"The Huxley","2012-13","1730 M ST NW",-77.0398453,38.9053837
"Board Room","2012-13","1737 CONNECTICUT AVE NW",-77.0453095,38.9136664
"BUB  AND POP'S","2012-13","1815 M ST NW",-77.042393,38.9059219
"SALA THAI","2014-15","1817 M ST NW",-77.0424976,38.9058615
"DC Grill Express","2014-15","1917 18TH ST NW",-77.0413877,38.9160928
"El Chalan","2007 or earlier","1922 I ST NW",-77.0444887,38.9011673
"Bliss","2014-15","2122 24TH PL NE",-76.9716718,38.9198884
"INDIGO‐Indian food on the 
go!","2012-13","243 K ST NE",-77.0022198,38.9022568
"West Wing Cafe","2010-11","300 NEW JERSEY AVE NW",-77.0115934,38.8945274
"Kokeb Ethiopian 
Restaurant","2012-13","3013 GEORGIA AVE NW",-77.0229622,38.9286096
"Fat Pete's BBQ","2014-15","3407 CONNECTICUT AVE NW",-77.0575222,38.9347736
"WALTERS","2014-15","3632 GEORGIA AVE NW",-77.0244251,38.9349718
"The Looking Glass Lounge 
at Temperance Hall","2008-9","3634 GEORGIA AVE NW",-77.0244305,38.9350188
"Luke's Lobster","2010-11","624 E ST NW",-77.0210711,38.8955354
"California Tortilla","2007 or earlier","728 7TH ST NW",-77.0222207,38.8994077
"Beefsteak","2014-15","800 22ND ST NW",-77.0494475,38.9001398
"TABLE DC","2012-13","903 N ST NW",-77.0243825,38.9073696
"Velvet Lounge","2007 or earlier","915 U ST NW",-77.0247046,38.9171963
"Dodge City","2010-11","917 U ST NW",-77.0247539,38.9172117
"1789 Restaurant Tombs F 
Scotts","2007 or earlier","1224 36TH ST NW",-77.0703013,38.9060613
"7H  PIZZA","2014-15","4885 MACARTHUR BLVD NW",-77.0968132,38.9178797
"Aatish On The Hill","2007 or earlier","609 PENNSYLVANIA AVE SE",-76.9980217,38.8850778
"Afghan Grill","2007 or earlier","2309 CALVERT ST NW",-77.0509028,38.9237497
"Al Tiramisu","2007 or earlier","2014 P ST NW",-77.0455934,38.9093975
"Alba Osteria","2012-13","425 I ST NW",-77.0169603,38.9017054
"Alero Restaurant‐1","2007 or earlier","1724 CONNECTICUT AVE NW UNIT A",-77.0459795,38.9134104
"All Souls","2012-13","725 T ST NW",-77.0227423,38.9157462
"AMERICAN CITY DINER","2007 or earlier","5532 CONNECTICUT AVE NW",-77.075513,38.9641832
"American Ice Company","2010-11","917 V ST NW",-77.0252854,38.9183712
"Amsterdam Falafelshop","2014-15","1830 14TH ST NW",-77.032284,38.915142
"Angelika Pop‐Up","2014-15","550 PENN ST NE",-76.9961216,38.9101474
"Annie's Paramount Steak 
House","2007 or earlier","1609 17TH ST NW",-77.0383091,38.911602
"Aqua Restaurant","2007 or earlier","1818 NEW YORK AVE NE A",-76.9767674,38.9177091
"Archibald's/Fast Eddies 
Billiards Cafe","2007 or earlier","1520 K ST NW",-77.0356173,38.902175
"Ardeo/Bardeo","2007 or earlier","3309‐3311 CONNECTICUT AVE NW",-77.0570932,38.9339025
"Armand's Chicago Pizzeria","2007 or earlier","226 MASSACHUSETTS AVE NE",-77.0024908,38.8950986
"Arucola","2007 or earlier","5534 CONNECTICUT AVE NW",-77.0755479,38.9642638
"Asia Nine Bar and Lounge","2008-9","915 E ST NW",-77.0250247,38.8964898
"Asian Spice","2008-9","717‐719 H ST NW",-77.022687,38.9000065
"Askale Cafe","2012-13","3629 12TH ST NE",-76.990972,38.9343641
"Atomic Billiards","2007 or earlier","3427 CONNECTICUT AVE NW",-77.057811,38.935263
"Avenue Suites/A Bar","2012-13","2500 PENNSYLVANIA AVE NW",-77.0536769,38.9034432
"Awash","2007 or earlier","2218‐2220 18TH ST NW",-77.041886,38.919326
"B Too","2012-13","1324 14TH ST NW",-77.032368,38.908087
"Baby Wale","2012-13","1124 9TH ST NW",-77.0243462,38.9051511
"Bacaro","2014-15","1420 8TH ST NW",-77.0229606,38.9087975
"Bachelor's Mill/Back Door 
Pub","2007 or earlier","1104 8TH ST SE",-76.9946866,38.8772495
"BAD SAINT","2014-15","3226 11TH ST NW",-77.0280812,38.9302932
"Bambu","2007 or earlier","5101 MACARTHUR BLVD NW",-77.1012401,38.9253296
"Banana Cafe And Piano Bar","2007 or earlier","500 8TH ST SE",-76.9947021,38.8825763
"Banana Leaves","2007 or earlier","2020 FLORIDA AVE NW UNIT B",-77.045601,38.9145151
"Bar 7","2010-11","1015 1/2 7TH ST NW",-77.0216663,38.9034968
"Bar Civita","2014-15","2605‐2607 24TH ST NW",-77.0521787,38.9237943
"Barcelona","2012-13","3336 WISCONSIN AVE NW",-77.0729971,38.9341773
"Barcelona  Wine Bar","2014-15","1622 14TH ST NW",-77.0323255,38.9121127
"Bardo","2012-13","1200‐1216 BLADENSBURG RD NE",-76.980026,38.905865
"Barrel","2014-15","613 PENNSYLVANIA AVE SE",-76.9978852,38.8850614
"Basil Thai Restaurant","2007 or earlier","1608 WISCONSIN AVE NW",-77.0655063,38.9110713
"Bayou Bakery on the Hill","2014-15","921 PENNSYLVANIA AVE SE",-76.9931301,38.8829927
"Bearnaise","2012-13","313‐315 PENNSYLVANIA AVE SE",-77.0015629,38.8865205
"Beau Thai","2012-13","3162‐3164 MOUNT PLEASANT ST NW",-77.0383091,38.9302768
"Beuchert's Saloon","2012-13","623 PENNSYLVANIA AVE SE",-76.9976468,38.8848622
"Bier Baron Hotel & Tavern","2010-11","1523 22ND ST NW",-77.0484822,38.9102797
"Big Chair Coffee & Grill","2010-11","2122 MARTIN LUTHER KING JR. AVE SE",-76.9895151,38.865079
"Billy Goat Tavern & Grill","2007 or earlier","500 NEW JERSEY AVE NW",-77.0119074,38.8965029
"Birch & Barley/Churchkey","2008-9","1337 14TH ST NW",-77.031491,38.9084931
"Bistro CaCao","2008-9","320 MASSACHUSETTS AVE NE",-77.0009586,38.8944851
"Bistro Doc","2007 or earlier","518 10TH ST NW",-77.0262939,38.896835
"Bistro Du Coin","2007 or earlier","1738 CONNECTICUT AVE NW",-77.0461765,38.9137705
"Bistro Italia","2007 or earlier","320 D ST NE",-77.0011809,38.8949541
"Bistro Lepic","2007 or earlier","1736 WISCONSIN AVE NW",-77.0674015,38.9145835
"BISTROQUET","2014-15","5100 MACARTHUR BLVD NW",-77.101728,38.924938
"Black Rooster Pub","2007 or earlier","1919 L ST NW",-77.0443701,38.9039479
"Black Salt Fish & Market","2007 or earlier","4883 MACARTHUR BLVD NW",-77.0964997,38.9178579
"Black Whiskey","2012-13","1410 14TH ST NW",-77.0322394,38.9092845
"Blackfinn","2008-9","1620 I ST NW",-77.0375182,38.9010793
"BLT Steak","2007 or earlier","1625 I ST NW",-77.0375161,38.9017197
"Bobby Van's Grill","2007 or earlier","1201 NEW YORK AVE NW",-77.0286966,38.9008872
"Bobby Van's Steakhouse","2007 or earlier","805 15TH ST NW",-77.0328313,38.9005647
"Bodega","2008-9","3116 M ST NW",-77.0617728,38.9049603
"Bolt Burger","2012-13","1010 MASSACHUSETTS AVE NW",-77.0266747,38.9033358
"Bonchon","2014-15","1015 HALF ST SE",-77.0077262,38.8777311
"Booeymonger Restaurant","2007 or earlier","3265 PROSPECT ST NW",-77.0650437,38.9061158
"Boundary Road Restaurant","2012-13","414 H ST NE",-76.9998772,38.9004407
"Boundary stone Public 
House","2010-11","116 RHODE ISLAND AVE NW",-77.0127643,38.9153476
"Brasserie Beck","2007 or earlier","1101 K ST NW",-77.0276112,38.9029796
"Bravo Bravo","2007 or earlier","1001 CONNECTICUT AVE NW",-77.0391673,38.9028929
"Bravo Lounge","2012-13","2917 GEORGIA AVE NW",-77.0228221,38.9277903
"Bread & Chocolate","2007 or earlier","5542 CONNECTICUT AVE NW",-77.0757843,38.9644848
"Bread and Chocolate","2007 or earlier","2301 M ST NW",-77.0503784,38.9054281
"Bread Furst","2014-15","4434 CONNECTICUT AVE NW",-77.0659401,38.9474695
"Brookland Pint","2014-15","716 MONROE ST NE",-76.9952922,38.9328484
"Brookland's Finest Bar & 
Kitchen","2014-15","3126‐3128 12TH ST NE",-76.9908947,38.9294438
"Bua Restaurant & Bar","2007 or earlier","1635 P ST NW",-77.0380062,38.9098256
"Buffalo Billiards 
Corporation","2007 or earlier","1330 19TH ST NW",-77.0438535,38.9084419
"Buffalo Wild Wings","2014-15","1220 HALF ST SW",-77.0104407,38.8757848
"Bukom Cafe","2007 or earlier","2442 18TH ST NW",-77.0427231,38.9218053
"Bullfeathers","2007 or earlier","410 1ST ST SE",-77.0055119,38.8846492
"Busboys & Poets","2007 or earlier","1390 V ST NW 111",-77.0315043,38.9179539
"Cactus Cantina","2007 or earlier","3300 WISCONSIN AVE NW",-77.0726921,38.9336614
"Cafe 8","2007 or earlier","424 8TH ST SE",-76.9946895,38.8830409
"Cafe Berlin","2007 or earlier","322 MASSACHUSETTS AVE NE",-77.0008959,38.894469
"Cafe Bonaparte","2007 or earlier","1522 WISCONSIN AVE NW",-77.064615,38.9094014
"Cafe Citron","2007 or earlier","1343 CONNECTICUT AVE NW",-77.0423098,38.9084523
"Cafe Deluxe","2007 or earlier","3226‐3230 WISCONSIN AVE NW",-77.072958,38.933132
"Cafe Mozart","2007 or earlier","1331 H ST NW",-77.0304647,38.90053
"Cafe Soleil","2007 or earlier","839 17TH ST NW",-77.0391523,38.9010811
"Camelot","2007 or earlier","1823 M ST NW",-77.0427138,38.9059184
"Cantina Marina","2007 or earlier","600 WATER ST SW A",-77.0210493,38.8751275
"Capitale","2012-13","1301 K ST NW",-77.0305435,38.9029257
"Capitol Hill Tandor and Grill","2007 or earlier","419 8TH ST SE",-76.9952825,38.8830912
"Carmine's","2010-11","425 7TH ST NW",-77.0217135,38.8955701
"Carolina Kitchen Bar & Grill","2014-15","2300‐2350",-76.9947934,38.9212242
"Carving Room","2012-13","300 MASSACHUSETTS AVE NW",-77.0158252,38.8994712
"Casa Luca","2012-13","1099 NEW YORK AVE NW",-77.0267383,38.9017038
"Catch 15","2012-13","1518 K ST NW",-77.0354027,38.9021753
"Caucus Room Brasserie","2012-13","2350 M ST NW",-77.0509781,38.9049295
"Cava Mezze Grill","2014-15","707 H ST NW",-77.0223895,38.9000773
"Cava Restaurant","2008-9","527‐529 8TH ST SE",-76.9953387,38.8818932
"Cedar","2008-9","822 E ST NW",-77.023293,38.8959342
"Centrolina","2014-15","974 PALMER ALLEY NW",-77.0255203,38.9002695
"Chads Friendship Heights","2007 or earlier","5247 WISCONSIN AVE NW 000C1",-77.0368707,38.9071923
"Chalin's Restaurant","2007 or earlier","1912 I ST NW",-77.0439926,38.9010324
"Charlies","2007 or earlier","7307 GEORGIA AVE NW",-77.0262011,38.978606
"Cheerz","2014-15","7303 GEORGIA AVE NW",-77.0262002,38.9785006
"Chesapeake Room","2010-11","501 8TH ST SE",-76.9952681,38.8825935
"Chez Billy","2012-13","3813 GEORGIA AVE NW",-77.0242728,38.938124
"Chi‐Cha Lounge","2007 or earlier","1624 U ST NW",-77.037886,38.9167767
"Chinatown Coffee 
Company","2008-9","475 H ST NW",-77.0186886,38.9000656
"Chinatown Express","2007 or earlier","746 6TH ST NW",-77.0202054,38.8995727
"Chinatown Garden 
Restaurant","2007 or earlier","618 H ST NW",-77.0211005,38.8996834
"Chix","2012-13","1121 14TH ST NW",-77.0315762,38.9045067
"Chuck & Bill Bison Lounge","2007 or earlier","2718 GEORGIA AVE NW",-77.0230208,38.9256704
"Chupacabra","2012-13","822 H ST NE",-76.9939334,38.9004513
"Churreria Madrid 
Restaurant","2007 or earlier","2505 CHAMPLAIN ST NW",-77.0411952,38.9232973
"City Lights of China","2007 or earlier","1729‐1731 CONNECTICUT AVE NW",-77.0452719,38.913566
"Club Timehri","2007 or earlier","2439 18TH ST NW",-77.0419775,38.9215635
"Clyde's","2007 or earlier","3236 M ST NW",-77.064073,38.9049935
"Clyde's Of Gallery Place","2007 or earlier","707 7TH ST NW",-77.021672,38.8990612
"Cobalt/ 30 Degrees/Level 
One","2007 or earlier","1639‐1641 R ST NW",-77.038212,38.912815
"Columbia Station","2007 or earlier","2325 18TH ST NW",-77.0416193,38.9203891
"Comet Pizza","2007 or earlier","5037 CONNECTICUT AVE NW",-77.0699666,38.9559497
"Commissary","2008-9","1443 P ST NW",-77.0334769,38.9098773
"Convivial","2014-15","801 O ST NW",-77.0230848,38.9085899
"Corado's Guatemalan 
Restaurant","2007 or earlier","3217 MT PLEASANT ST NW",-77.038167,38.9317319
"Corduroy","2007 or earlier","1122 9TH ST NW",-77.0242622,38.9050807
"Corina's Restaurant","2012-13","831 KENNEDY ST NW",-77.025347,38.956605
"Cork","2008-9","1720 14TH ST NW UNIT A",-77.0321856,38.913331
"Cuba Libre Restaurant & 
Rum Bar","2010-11","801 9TH ST NW",-77.0234717,38.9003345
"CULTURE COFFEE","2012-13","709 KENNEDY ST NW",-77.0227605,38.9565908
"D C Noodles","2008-9","1410 U ST NW",-77.032458,38.9168597
"Da Luft Restaurant & 
Lounge","2012-13","1242 H ST NE",-76.9888092,38.9003658
"Daily Grill","2007 or earlier","1200 18TH ST NW",-77.0420559,38.9059372
"Dalchinni/Le Mirch","2012-13","1736 CONNECTICUT AVE NW",-77.0461232,38.9137224
"Dan's Cafe","2007 or earlier","2315 18TH ST NW",-77.0415354,38.9201015
"Dangerously Delicious DC","2010-11","1339 H ST NE",-76.9869081,38.8998779
"Darlington House: 
Cantina/Kitchen/Library","2008-9","1610 20TH ST NW",-77.0451698,38.9116323
"Das Ethiopian Cuisine","2010-11","1201 28TH ST NW",-77.0568764,38.9054045
"DBGB Kitchen and Bar","2014-15","931 H ST NW",-77.0249762,38.8999562
"DC Boat House","2008-9","5441 MACARTHUR BLVD NW",-77.1065108,38.9300192
"DC Cafe","2007 or earlier","2035 P ST NW",-77.0463315,38.9098936
"DC Eagle","2014-15","3701 BENNING RD NE STE A",-76.9510995,38.8948441
"DC Reynolds","2012-13","3628 GEORGIA AVE NW",-77.0243991,38.9348703
"Decadence","2014-15","6204 GEORGIA AVE NW",-77.0279245,38.9651866
"Decarlos Restaurant","2007 or earlier","4822 YUMA ST NW",-77.095346,38.9458945
"Desperados Pizza","2010-11","1342 U ST NW",-77.0312103,38.9167407
"DEW DROP INN","2014-15","2801 8TH ST NE",-76.9947128,38.9259704
"Dickson Wine","2010-11","903‐905 U ST NW",-77.0243997,38.9171569
"District Chophouse & 
Brewery","2007 or earlier","509 7TH ST NW",-77.0215634,38.8965164
"District of Pi","2010-11","910 F ST NW",-77.0247746,38.897147
"DISTRICT TACO","2012-13","656 PENNSYLVANIA AVE SE",-76.9966873,38.8852836
"DOI MOI/2 BIRDS 1 STONE","2012-13","1800 14TH ST NW",-77.0322091,38.9143611
"Don Jaime","2007 or earlier","3209 MT PLEASANT ST NW",-77.0381859,38.9314812
"Don Juan Restaurant & 
Carryout","2007 or earlier","1660 LAMONT ST NW",-77.038633,38.931055
"Don Lobo's Mexican Grill","2007 or earlier","2811 M ST NW",-77.0574255,38.9054755
"DONBURI DC","2012-13","2438 18TH ST NW",-77.0426857,38.9216183
"DRAFTING TABLE","2012-13","1529 14TH ST NW 201",-77.0315806,38.9107642
"Dukem Ethiopian 
Restaurant & 
Market/Apple Lounge","2007 or earlier","1114‐1118 U ST NW",-77.0279544,38.9168834
"Dupont Italian Kitchen","2007 or earlier","1637 17TH ST NW",-77.0382431,38.912428
"Eat First","2007 or earlier","609 H ST NW",-77.0204162,38.8999856
"Eat The Rich/Southern 
Efficiency","2012-13","1839‐1841 7TH ST NW",-77.0216698,38.9151577
"Echostage","2012-13","2135 QUEENS CHAPEL RD NE",-76.9724212,38.9199
"Eclipse Restaurant & 
Nightclub","2007 or earlier","2820 BLADENSBURG RD NE",-76.964394,38.926398
"El Amigo Restaurant","2007 or earlier","3612 14TH ST NW",-77.0330777,38.9367214
"El Camino","2014-15","108 RHODE ISLAND AVE NW",-77.0126994,38.9152948
"El Centro D. F.","2012-13","1218 WISCONSIN AVE NW",-77.0630393,38.9056872
"El Chucho ‐ Cocina Superior","2012-13","3313 11TH ST NW",-77.0277876,38.9310809
"El Don Restaurant","2007 or earlier","4403 14TH ST NW",-77.0325419,38.9442718
"El Nuevo Migueleno","2007 or earlier","1721 COLUMBIA RD NW",-77.040037,38.924764
"El Pulgarcito","2007 or earlier","5313 GEORGIA AVE NW",-77.0275702,38.9545872
"El Rincon","2007 or earlier","1826 COLUMBIA RD NW",-77.0430617,38.9219445
"El Rinconcito Cafe","2007 or earlier","1129 11TH ST NW",-77.026668,38.905458
"El Tamarindo Adam 
Morgan","2007 or earlier","1785 FLORIDA AVE NW",-77.0412931,38.917187
"El Torogoz Restaurant","2007 or earlier","4231 9TH ST NW",-77.0248101,38.9425819
"Eno Wine Bar","2012-13","2810 PENNSYLVANIA AVE NW",-77.0575087,38.9048879
"Equinox","2007 or earlier","818 CONNECTICUT AVE NW",-77.0386969,38.9008815
"Estadio","2010-11","1520 14TH ST NW",-77.0322874,38.9102745
"Et Voila","2008-9","5120 MACARTHUR BLVD NW",-77.102364,38.925368
"Ethiopic Restaurant","2008-9","401 H ST NE",-77.0003874,38.8999556
"Etto","2012-13","1541 14TH ST NW",-77.031618,38.910967
"Evolve Vegan Restaurant","2014-15","341 CEDAR ST NW",-77.0180333,38.9750344
"Expo Restaurant & Lounge","2007 or earlier","1928 9TH ST NW",-77.0242853,38.9163852
"Fado Irish Pub & 
Restaurant","2007 or earlier","804 7TH ST NW",-77.0222154,38.9001964
"Fainting Goat","2012-13","1330 U ST NW",-77.0308397,38.9167735
"FELICITA PIZZERIA","2012-13","4720 14TH ST NW",-77.033071,38.947808
"Fig & Olive","2014-15","934 PALMER ALLEY NW",-77.0245531,38.9001695
"Filomena","2007 or earlier","1063 WISCONSIN AVE NW",-77.0624639,38.9043944
"Flight","2014-15","777 6TH ST NW",-77.0195899,38.899372
"Floriana","2007 or earlier","1602 17TH ST NW",-77.0387194,38.9113353
"Founding Farmers","2008-9","1900 PENNSYLVANIA AVE NW",-77.0441567,38.9000802
"Froggy Bottom Pub","2012-13","2021 K ST NW",-77.0457347,38.90295
"G Street Food","2014-15","1030 15TH ST NW",-77.0349618,38.9034703
"Garden District","2010-11","1801 14TH ST NW",-77.0315421,38.9142436
"Gazuza","2007 or earlier","1629 CONNECTICUT AVE NW UNIT A",-77.0444228,38.9121208
"Georgia Brown's","2007 or earlier","950 15TH ST NW",-77.035024,38.9020309
"Good Stuff Eatery","2012-13","3291 M ST NW",-77.0657814,38.9053221
"Good Stuff Eatery","2008-9","303 PENNSYLVANIA AVE SE",-77.0017867,38.8866776
"Gordon Biersch Brewery 
Restaurant","2007 or earlier","900 F ST NW UNIT B",-77.0243744,38.8971064
"Gordon Biersch Brewery 
Restaurant","2012-13","100 M ST SE",-77.0053736,38.8767926
"Graffiato","2010-11","707 6TH ST NW",-77.019589,38.898672
"Granville Moore's Brickyard","2007 or earlier","1238 H ST NE",-76.9889287,38.90042
"Great Wall Szechuan House","2007 or earlier","1527 14TH ST NW",-77.0316188,38.9105705
"Green Lantern/Tool Shed","2007 or earlier","1335 GREEN CT NW",-77.0308547,38.9044805
"Guapo's Restaurant","2007 or earlier","4515‐4517 WISCONSIN AVE NW",-77.079547,38.948451
"Habana Village","2007 or earlier","1834 COLUMBIA RD NW",-77.0431045,38.9217321
"Hank's Oyster Bar","2007 or earlier","1622‐1624 Q ST NW",-77.038115,38.910867
"Hans Pedr' Kaffe & 
Restaurant","2014-15","1781 FLORIDA AVE NW",-77.0408688,38.9174811
"Hard Rock Cafe","2007 or earlier","999 E ST NW",-77.0256486,38.8963133
"Harry's","2007 or earlier","436 11TH ST NW",-77.0273194,38.8959394
"Haydee's 2000","2008-9","6303 GEORGIA AVE NW",-77.0272858,38.9663401
"Haydee's Restaurant","2007 or earlier","3102 MT PLEASANT ST NW",-77.037668,38.9290125
"Hikari Sushi & Sake Bar","2012-13","644 H ST NE",-76.9966422,38.9003833
"Hill Country","2010-11","410 7TH ST NW",-77.0223138,38.895133
"Hooters","2007 or earlier","827 7TH ST NW",-77.0218585,38.9005032
"Hunan Dynasty","2007 or earlier","215 PENNSYLVANIA AVE SE",-77.0028853,38.8870173
"I Ricchi","2007 or earlier","1220 19TH ST NW UNIT B",-77.0438732,38.906625
"Il Canale","2010-11","1063‐1065 31ST ST NW",-77.0609744,38.904493
"Il Tesoro","2007 or earlier","4400 CONNECTICUT AVE NW",-77.0656171,38.9469488
"Indique","2007 or earlier","3512 CONNECTICUT AVE NW",-77.0591097,38.9360417
"Irish Channel Restaurant","2007 or earlier","500 H ST NW UNIT A",-77.0191911,38.8994686
"Iron Gate","2012-13","1734‐1738 N ST NW",-77.039866,38.907013
"Iron Horse","2010-11","507 7TH ST NW",-77.0217498,38.8964294
"Italian Pizza Kitchen","2007 or earlier","2608 CONNECTICUT AVE NW",-77.0520571,38.9239804
"Ivy City Tavern","2014-15","1356 OKIE ST NE",-76.985552,38.9146349
"Izakaya Seki","2012-13","1117 V ST NW",-77.0277839,38.9182765
"J Paul's","2007 or earlier","3218 M ST NW",-77.0634894,38.90493
"Jackey Cafe","2007 or earlier","611 H ST NW",-77.0205039,38.9000582
"JAKE'S AMERICAN GRILLE","2010-11","5016‐5018 CONNECTICUT AVE NW",-77.0704367,38.9552223
"Jaleo","2007 or earlier","480 7TH ST NW",-77.0222721,38.8959259
"James Hoban's","2007 or earlier","1 DUPONT CIR NW",-77.044413,38.90899
"Java House","2007 or earlier","1645 Q ST NW",-77.0381499,38.9113649
"Jenny's","2014-15","668 WATER ST SW",-77.0230486,38.8778525
"Jimmy Valentine's Lonely 
Hearts Club","2007 or earlier","1103 BLADENSBURG RD NE",-76.980549,38.9038899
"Jo Jo Restaurant & Bar","2007 or earlier","1518 U ST NW",-77.0353993,38.9168321
"Joe’s Seafood, Prime Steak 
and Stone Crab","2014-15","750 15TH ST NW",-77.0339311,38.89996
"Johana's Restaurant","2008-9","4728 14TH ST NW",-77.033071,38.9480099
"Jr's Bar and Grill","2007 or earlier","1519 17TH ST NW",-77.0381514,38.910472
"Justin's Cafe","2010-11","1025 1ST ST SE",-77.0063468,38.8777369
"Jyoti Foods Cuisine","2007 or earlier","2433 18TH ST NW",-77.0418773,38.9213852
"Kapnos","2012-13","1315 W ST NW",-77.0310319,38.9194832
"Kellys Irish Times","2007 or earlier","14 F ST NW",-77.009797,38.897055
"Kenny's Smokehouse","2007 or earlier","732 MARYLAND AVE NE",-76.9951885,38.8956898
"Keren Restaurant","2008-9","1780 FLORIDA AVE NW 00711",-77.0412576,38.916789
"Khan's","2010-11","1125 H ST NE",-76.9904652,38.8998661
"Komi","2007 or earlier","1509 17TH ST NW",-77.0381571,38.9101034
"Little Serow","2010-11","1511 17TH ST NW",-77.0381594,38.9101526
"Kotobuki","2007 or earlier","4822 MACARTHUR BLVD NW UNIT B",-77.0963933,38.9167577
"Kramerbooks & Afterwords","2007 or earlier","1517 CONNECTICUT AVE NW",-77.0438086,38.9108015
"L'Enfant Cafe & Bar","2007 or earlier","2000 18TH ST NW",-77.0418311,38.9171068
"L'hommage","2014-15","450 K ST NW",-77.0181135,38.9021214
"La Cabana Restaurant","2007 or earlier","3614 14TH ST NW",-77.0330084,38.9367797
"La Chaumiere","2007 or earlier","2813 M ST NW",-77.0574684,38.9055275
"La Fourchette","2007 or earlier","2429 18TH ST NW",-77.0419159,38.9212751
"La Libertad Restaurant","2007 or earlier","4622 14TH ST NW",-77.033054,38.946835
"La Loma","2007 or earlier","316 MASSACHUSETTS AVE NE A",-77.0010844,38.8945226
"La Lomita Dos","2007 or earlier","308 PENNSYLVANIA AVE SE",-77.0015952,38.8872264
"La Lomita Restaurant","2007 or earlier","1330 PENNSYLVANIA AVE SE",-76.9867052,38.8810393
"La Molienda","2007 or earlier","3568 14TH ST NW",-77.0330279,38.9362441
"La Morenita","2010-11","3539 GEORGIA AVE NW",-77.0237887,38.9338852
"La Piquette","2012-13","3712‐3714 MACOMB ST NW",-77.0731785,38.9332721
"La Tasca","2007 or earlier","722 7TH ST NW",-77.022204,38.8992539
"La Tomate","2007 or earlier","1703 CONNECTICUT AVE NW",-77.0452077,38.9128598
"La Villa Cafe","2014-15","6115 GEORGIA AVE NW",-77.0274639,38.9642759
"Lalibela Ethiopian 
Restaurant","2007 or earlier","1415 14TH ST NW",-77.0319296,38.9094781
"Langston Bar & Grille","2008-9","1831 BENNING RD NE",-76.9768481,38.8987449
"Larrys Lounge","2007 or earlier","1840 18TH ST NW",-77.041845,38.9153909
"Las Canteras","2007 or earlier","2307 18TH ST NW",-77.0414352,38.9199485
"Lauriol Plaza Restaurant","2007 or earlier","1835 18TH ST NW",-77.0413798,38.9153185
"Lavagna","2010-11","539 8TH ST SE",-76.995337,38.8815941
"Le Diplomate","2012-13","1601 14TH ST NW",-77.0315844,38.9113604
"Le Grenier","2012-13","502 H ST NE",-76.9992395,38.9004254
"Lebanese Taverna","2007 or earlier","2641 CONNECTICUT AVE NW",-77.0518026,38.9247413
"Legal Sea Foods","2007 or earlier","702‐708 7TH ST NW",-77.022179,38.898839
"Leopold's Kafe 
Konditorei/L2","2007 or earlier","3315 CADY'S ALLEY NW",-77.0665136,38.9048407
"Lincoln Park/Wine Bar","2014-15","106 13TH ST SE",-76.9880116,38.8894232
"Lindys Bon Appetit","2007 or earlier","2040 I ST NW",-77.0463989,38.900487
"Little Fountain Cafe/Angles","2007 or earlier","2339 18TH ST NW",-77.0416786,38.9206518
"Little Miss Whiskey's 
Golden Dollar","2008-9","1104 H ST NE",-76.9912058,38.9003921
"Local 16","2007 or earlier","1600 U ST NW",-77.0371,38.9167879
"Loeb's Restaurant","2007 or earlier","1712 I ST NW",-77.0401317,38.9010535
"Logan @ The Heights","2007 or earlier","3115 14TH ST NE",-76.986722,38.929284
"Lounge of Three","2008-9","1013 U ST NW",-77.0264556,38.9171841
"Lucky Bar","2007 or earlier","1221 CONNECTICUT AVE NW",-77.0412186,38.906598
"Luna Grill","2007 or earlier","1301 CONNECTICUT AVE NW",-77.0419317,38.9076329
"Lupo Verde","2014-15","1401 T ST NW",-77.0321969,38.9157099
"Lyman's","2014-15","3720 14TH ST NW",-77.0330879,38.9377821
"Macombo Lounge","2007 or earlier","5335 GEORGIA AVE NW",-77.0276932,38.9549536
"Macon‐DC","2014-15","5520 CONNECTICUT AVE NW",-77.0753954,38.9636726
"Mad Hatter","2007 or earlier","1321 CONNECTICUT AVE NW",-77.042007,38.9079937
"Madam's Organ","2007 or earlier","2461 18TH ST NW",-77.0421529,38.9220369
"Madrid Restaurant","2014-15","1714 CONNECTICUT AVE NW",-77.0458048,38.9130999
"Maggiano's","2007 or earlier","5333 WISCONSIN AVE NW",-77.0845819,38.9597598
"Magic Gourd Restaurant","2007 or earlier","528 23RD ST NW",-77.0510873,38.8967322
"Mama Ayesha's Calvert 
Restaurant","2007 or earlier","1967 CALVERT ST NW",-77.0467652,38.9234738
"Mandu","2007 or earlier","1805 18TH ST NW",-77.0414505,38.9143826
"Mandu","2010-11","453 K ST NW",-77.0178456,38.9025432
"Marcel's","2007 or earlier","2401 PENNSYLVANIA AVE NW UNIT B",-77.0519656,38.9034207
"Mari Vanna Restaurant","2012-13","1141 CONNECTICUT AVE NW",-77.0404672,38.9051894
"Marrakech Restaurant","2012-13","2147‐2149 P ST NW",-77.0482038,38.9098529
"Marx Cafe American Bar","2007 or earlier","3203 MT PLEASANT ST NW",-77.038107,38.9313919
"Masala Art","2008-9","4441 A WISCONSIN AVE NW",-77.07907,38.947654
"Mason Inn","2010-11","2408 WISCONSIN AVE NW",-77.0723413,38.9215685
"Masseria","2014-15","1340 4TH ST NE",-76.9992186,38.9097011
"Matchbox","2008-9","521 8TH ST SE",-76.9953375,38.8820956
"Matchbox","2012-13","1901 14TH ST NW",-77.0315452,38.9157563
"Mate","2007 or earlier","3101 K ST NW",-77.0614045,38.9029496
"Matisse Bar & Grill","2007 or earlier","4934 WISCONSIN AVE NW",-77.0828723,38.9543178
"Mccormick & Schmick 
Seafood Restaurant","2007 or earlier","1652 K ST NW",-77.0377907,38.9021943
"Meat and Foods","2014-15","247 FLORIDA AVE NW",-77.0155908,38.9138131
"Medaterra","2007 or earlier","2614 CONNECTICUT AVE NW",-77.0522641,38.9240954
"Medium Rare","2010-11","3500‐3502 CONNECTICUT AVE NW",-77.0586428,38.9357655
"Menomale, LLC","2012-13","2711 12TH ST NE",-76.9901519,38.92485
"Meze","2007 or earlier","2437 18TH ST NW",-77.0419546,38.921516
"MGM Roast Beef","2008-9","1905 BRENTWOOD RD NE",-76.994333,38.916028
"Micho's","2014-15","500 H ST NE",-76.9993167,38.9004035
"MINIBAR","2007 or earlier","855 E ST NW",-77.0236001,38.8963741
"Mintwood Place","2012-13","1811 A‐1813 COLUMBIA RD NW",-77.0433395,38.92204
"Mockingbird Hill","2007 or earlier","1843 7TH ST NW",-77.0216202,38.9152425
"Momiji","2008-9","503 H ST NW",-77.0190512,38.899834
"Morgan's Seafood Bar & 
Grill","2007 or earlier","3200 GEORGIA AVE NW",-77.0236359,38.9302042
"Morton's The 
Steakhouse/Bar 21","2007 or earlier","1050 CONNECTICUT AVE NW",-77.0407226,38.903451
"Morton's The Steakhouse/ 
Bar 21","2007 or earlier","3251 PROSPECT ST NW C‐4",-77.0640793,38.9061894
"Mourayo","2007 or earlier","1732 CONNECTICUT AVE NW",-77.0460913,38.9136454
"MPIRE Club","2014-15","1819 M ST NW",-77.0425716,38.9059105
"Mr Chen's","2007 or earlier","2604 CONNECTICUT AVE NW",-77.0520746,38.9238463
"Mr. Henry's","2007 or earlier","601 PENNSYLVANIA AVE SE",-76.9982665,38.8852078
"Mr. Smith's of Georgetown","2014-15","3205 K ST NW",-77.063129,38.902812
"My Canton Restaurant","2012-13","1772 COLUMBIA RD NW",-77.0411421,38.923418
"Nam‐viet Pho 79","2007 or earlier","3419 CONNECTICUT AVE NW",-77.0576746,38.9350234
"Nando's Peri Peri","2008-9","819 7TH ST NW 1",-77.0216064,38.9003963
"Nando's Peri Peri","2008-9","1210 18TH ST NW",-77.0419346,38.9061504
"Nando's Peri Peri","2014-15","4231 WISCONSIN AVE NW",-77.0772812,38.9441732
"Nanny O'Brien's Irish Pub","2007 or earlier","3319 CONNECTICUT AVE NW",-77.0572167,38.9341174
"Nati Hookah Bar","2010-11","2839 GEORGIA AVE NW",-77.0227341,38.927113
"New Big Wong","2007 or earlier","610 H ST NW",-77.0205899,38.8995317
"New District Kitchen","2012-13","2606 CONNECTICUT AVE NW",-77.0521155,38.923893
"New Heights","2007 or earlier","2317 CALVERT ST NW",-77.0522596,38.9237089
"Noble Lounge","2014-15","1915 9TH ST NW",-77.023733,38.9162177
"Nottie Bianche","2007 or earlier","824 NEW HAMPSHIRE AVE NW",-77.0528378,38.9002251
"Old Ebbitt Grill","2007 or earlier","675 15TH ST NW",-77.0332604,38.8980422
"Old Europe","2007 or earlier","2434 WISCONSIN AVE NW",-77.0725602,38.9219198
"Old Glory","2007 or earlier","3139 M ST NW",-77.0622101,38.9055131
"One Fish Two Fish","2007 or earlier","2423 PENNSYLVANIA AVE NW",-77.0521791,38.9036206
"Open City","2007 or earlier","2331 CALVERT ST NW",-77.0523596,38.9237149
"Otello","2007 or earlier","1329 CONNECTICUT AVE NW",-77.042125,38.9081343
"Panache","2007 or earlier","1725 DE SALES ST NW",-77.0417135,38.9046489
"Paolo's","2007 or earlier","1303 WISCONSIN AVE NW",-77.0629127,38.9069222
"Paper Moon","2007 or earlier","1069 31ST ST NW",-77.0611599,38.9045519
"Parthenon Restaurant & 
Chevy Chase Lounge","2007 or earlier","5510 CONNECTICUT AVE NW",-77.0751099,38.9634244
"Pearl Dive Oyster 
Palace/BlackJack","2010-11","1612 14TH ST NW",-77.0323242,38.9116311
"Penn Commons","2014-15","700 6TH ST NW",-77.020295,38.898992
"Penn Quarter Sports 
Tavern","2007 or earlier","639 INDIANA AVE NW",-77.0214979,38.894312
"Perry's Restaurant","2007 or earlier","1811 COLUMBIA RD NW",-77.043565,38.922119
"Pete's New Haven Style 
Apizza","2010-11","4940 WISCONSIN AVE NW",-77.082952,38.954482
"Petits Plats","2007 or earlier","2653 CONNECTICUT AVE NW",-77.0520569,38.9250922
"Pho Eurasian","2012-13","2153‐2155 P ST NW",-77.0483971,38.9097769
"Ping Pong","2008-9","900 7TH ST NW",-77.022557,38.9011488
"Pinstripes","2014-15","3222 M ST NW",-77.0639218,38.9047215
"Piola","2012-13","2208 14TH ST NW",-77.0323045,38.9195432
"Pizzeria Paradiso","2007 or earlier","3282 M ST NW",-77.0656137,38.9049413
"Player's Lounge","2007 or earlier","2737 M.L. KING JR. AVE SE",-76.9963484,38.8471763
"Po Boy Jim","2014-15","709 H ST NE",-76.9957172,38.8999722
"Post Pub","2007 or earlier","1422 L ST NW",-77.0339643,38.9035612
"Primi Piatti","2007 or earlier","2013 I ST NW",-77.0455445,38.9015982
"Proof","2007 or earlier","775 G ST NW",-77.022688,38.8986362
"Public Bar","2008-9","1214 18TH ST NW",-77.0419233,38.906271
"Pure Nightclub & Lounge","2008-9","1326 U ST NW",-77.0307164,38.9167784
"Radici","2014-15","301 7TH ST SE",-76.9963588,38.8858609
"Rajaji Curry House","2007 or earlier","2603 CONNECTICUT AVE NW",-77.0512384,38.9239459
"Rasika","2007 or earlier","633 D ST NW",-77.0213393,38.8950011
"Rasika West End","2012-13","1177 22ND ST NW",-77.048407,38.904727
"Raven Grill","2007 or earlier","3125 MT PLEASANT ST NW",-77.0372764,38.9294018
"Red Apron Butchery/ The 
Partisan","2014-15","709 D ST NW",-77.0224692,38.8949871
"RED HEN","2012-13","1822 1ST ST NW",-77.0124088,38.9150119
"Red Light","2014-15","1401 R ST NW 203",-77.0322335,38.9127883
"Red Lounge Hookah","2007 or earlier","2013 A 14TH ST NW",-77.031663,38.9174817
"Redrocks","2007 or earlier","1036 PARK RD NW",-77.0280133,38.9316823
"RedRocks","2012-13","1348 H ST NE",-76.98671,38.900447
"Rendezvous Lounge","2007 or earlier","2226 18TH ST NW",-77.0418406,38.919486
"Restaurant Judy","2007 or earlier","2212 14TH ST NW",-77.0322686,38.9196801
"Restaurant Nora","2007 or earlier","2130 FLORIDA AVE NW",-77.0473863,38.912862
"Rice Restaurant & Bar","2007 or earlier","1608 14TH ST NW",-77.0321847,38.9114906
"Ripple","2010-11","3415‐3417 CONNECTICUT AVE NW",-77.0576512,38.9349598
"RiRa Irish Pub","2014-15","3123‐3125 M ST NW",-77.0619134,38.9054656
"RIS","2008-9","2275 L ST NW",-77.0498639,38.9040305
"Ristorante La Perla","2007 or earlier","2600 PENNSYLVANIA AVE NW #0201",-77.0550706,38.9039888
"Ristorante Piccolo","2007 or earlier","1068 31ST ST NW",-77.061339,38.9046948
"Rocket Bar","2007 or earlier","714 7TH ST NW",-77.0222726,38.899006
"Rocklands Barbeque and 
Grilling Company","2007 or earlier","2416‐2418 WISCONSIN AVE NW",-77.0725742,38.921515
"Romain's Table/The Diner","2007 or earlier","2453 18TH ST NW",-77.0420518,38.9218485
"Romeo & Juliet","2014-15","301 MASSACHUSETTS AVE NE",-77.0020303,38.8945872
"Roofer's Union – Jug and 
Table","2014-15","2442‐2446 18TH ST NW",-77.0426679,38.9218521
"Rosa Mexicano","2007 or earlier","575 7TH ST NW 1",-77.0215894,38.8967283
"Rose's Luxury","2012-13","717 8TH ST SE",-76.9953266,38.880642
"Rosemary's Thyme Bistro","2007 or earlier","1801 18TH ST NW",-77.0414122,38.9143095
"Roses Dejavu","2012-13","1378 H ST NE",-76.9858118,38.9003642
"Royal Palace","2007 or earlier","1805 CONNECTICUT AVE NW",-77.0458135,38.9144094
"Royal Thai Cuisine & Bar","2008-9","507 H ST NW",-77.0192214,38.8999896
"Rumba Cafe","2007 or earlier","2443 18TH ST NW",-77.041943,38.9216688
"Russia House","2007 or earlier","1800 CONNECTICUT AVE NW",-77.0464988,38.9144138
"Rustik Tavern","2010-11","84 T ST NW",-77.0119133,38.91543
"Ruth's Chris Steak House","2007 or earlier","724 9TH ST NW",-77.0241895,38.8991979
"Sala Thai","2010-11","3716 GEORGIA AVE NW",-77.0246379,38.9366309
"Sala Thai (Minnesota Ave)","2014-15","4020 MINNESOTA AVE NE UNIT# 118",-76.9492363,38.8960734
"Sally's Middle Name","2014-15","1320 H ST NE",-76.9874622,38.9004365
"Salt & Pepper","2010-11","5125 MACARTHUR BLVD NW",-77.1016895,38.9256334
"SANKOFA CAFE","2007 or earlier","2714 GEORGIA AVE NW",-77.0230955,38.9255689
"Sanphan Thai Cuisine","2008-9","653 PENNSYLVANIA AVE SE",-76.9966719,38.884515
"Sei Restaurant & Lounge","2008-9","444 7TH ST NW",-77.0222643,38.8957068
"Selam Restaurant/Gold 
Room","2007 or earlier","1524‐1526 U ST NW",-77.0356616,38.9168084
"Senart's Oyster & Chop 
House","2010-11","520 8TH ST SE",-76.9946087,38.881969
"Sette","2007 or earlier","1666 CONNECTICUT AVE NW",-77.0454358,38.9122862
"Sette Osteria","2014-15","1634 14TH ST NW",-77.0322906,38.9124284
"Shadow Room","2008-9","2131 K ST NW",-77.047664,38.902928
"Shaws Tavern","2010-11","520 FLORIDA AVE NW",-77.0197208,38.9152178
"ShopHouse Southeast 
Asian Kitchen","2014-15","710 7TH ST NW",-77.0222743,38.8989558
"Shophouse Southeast Asian
Kitchen","2010-11","1516 CONNECTICUT AVE NW",-77.0443593,38.9107138
"Sichuan Pavilion","2007 or earlier","1814 K ST NW",-77.0425173,38.9022121
"Silo","2014-15","917‐919 5TH ST NW",-77.0185939,38.9019227
"Siroc","2008-9","915 15TH ST NW",-77.0332451,38.9018445
"Sixth and H Street Bar and 
Grill","2014-15","523 H ST NE",-76.9986249,38.8999778
"Sixth Engine","2012-13","438 MASSACHUSETTS AVE NW",-77.0172943,38.9002273
"Sizzling Express","2007 or earlier","600 PENNSYLVANIA AVE SE",-76.9976995,38.8856759
"Sizzling Express","2007 or earlier","538 23RD ST NW",-77.0510728,38.8964915
"SlipStream","2014-15","1333 14TH ST NW",-77.0316323,38.9083655
"Soho Tea & Coffee","2007 or earlier","2150 P ST NW",-77.0485638,38.9094846
"Sol Mexican Grill","2010-11","1251 H ST NE",-76.9886085,38.8999828
"Solly's U Street Tavern","2007 or earlier","1942 11TH ST NW",-77.0273164,38.9168523
"Soundcheck","2014-15","1420 K ST NW",-77.0327217,38.9021509
"Soussi","2007 or earlier","2228 18TH ST NW",-77.041843,38.9195325
"Southern Hospitality","2012-13","1813‐1815 ADAMS MILL RD NW",-77.0425559,38.9232564
"Spaghetti Garden Brass 
Monkey Peyote Roxanne","2007 or earlier","2317‐2319 18TH ST NW",-77.0415242,38.9202202
"Spices Restaurant","2007 or earlier","3333 CONNECTICUT AVE NW",-77.0574399,38.9345014
"Sprig & Sprout","2012-13","2317 WISCONSIN AVE NW",-77.071482,38.920809
"St. Arnold's on Jefferson","2010-11","1827 JEFFERSON PL NW 4",-77.0427702,38.9065963
"Stan's Restaurant","2007 or earlier","1029 VERMONT AVE NW",-77.0328117,38.9035355
"Sticky Rice","2008-9","1222‐1224 H ST NW",-77.0284424,38.8997999
"Stoney's","2007 or earlier","1433 P ST NW",-77.0332862,38.9098608
"Sur La Place","2008-9","5105 MACARTHUR BLVD NW",-77.1013874,38.9253671
"Surfside","2008-9","2444 WISCONSIN AVE NW",-77.0726922,38.92213
"SUSHI CAPITOL","2012-13","325 PENNSYLVANIA AVE SE",-77.0012597,38.8864097
"Sushi Go Round & Tapas","2007 or earlier","705 7TH ST NW",-77.0218971,38.8985165
"Sushi Sai","2012-13","4221 A CONNECTICUT AVE NW",-77.0629988,38.9437551
"Sushi Taro","2007 or earlier","1503 17TH ST NW",-77.0381859,38.9099747
"Taj of India","2007 or earlier","2807 M ST NW",-77.0573182,38.905261
"Takoma station Tavern","2007 or earlier","6914 4TH ST NW",-77.0183368,38.9741909
"TAKOREAN","2014-15","1212 FOURTH ST SE",-77.0000458,38.8754425
"Talay Thai Restaurant","2007 or earlier","406 1ST ST SE",-77.0056222,38.884753
"Tanad Thai Cuisine","2012-13","4912 WISCONSIN AVE NW",-77.0826694,38.9538851
"Taqueria Nacional","2012-13","1407‐1409 T ST NW",-77.0326221,38.9157646
"Tara Thai","2008-9","4849 MASSACHUSETTS AVE NW",-77.0957524,38.9459191
"Tartufo","2014-15","4910 WISCONSIN AVE NW",-77.0825406,38.9538619
"Teaism","2008-9","800 CONNECTICUT AVE NW UNIT B",-77.0384718,38.9005046
"Teak Wood Restaurant","2010-11","1323 14TH ST NW",-77.0315457,38.9080396
"Teasim","2007 or earlier","400 8TH ST NW",-77.0232794,38.8950239
"Ted's Bulletin","2010-11","505 8TH ST SE",-76.9953453,38.8824625
"Terasol","2010-11","5010 CONNECTICUT AVE NW",-77.070339,38.955074
"Texas de Brazil","2014-15","455 MASSACHUSETTS AVE NW",-77.0176051,38.9009959
"TG Cigars","2014-15","1118 9TH ST NW 00001",-77.0242266,38.9049437
"TGI Friday","2007 or earlier","2100 PENNSYLVANIA AVE NW",-77.047247,38.9011672
"Thai Chef","2007 or earlier","1712 CONNECTICUT AVE NW",-77.0457443,38.9130508
"The 201 Bar","2007 or earlier","201 D ST NE",-77.003498,38.8947691
"The Airedale","2014-15","3605 14TH ST NW",-77.0323873,38.9364186
"The Big Hunt","2007 or earlier","1345 CONNECTICUT AVE NW",-77.0423275,38.9084906
"The Bombay Club","2007 or earlier","815 CONNECTICUT AVE NW",-77.037923,38.9010212
"The Bullpen","2010-11","26 N ST SE",-77.00798,38.87489
"The Capitol Lounge","2007 or earlier","229 PENNSYLVANIA AVE SE",-77.003215,38.8874341
"The Caucus Room","2012-13","401 9TH ST NW",-77.0238011,38.8954779
"The Cheesecake Factory","2007 or earlier","5345 WISCONSIN AVE NW",-77.0847915,38.9604075
"The Coupe","2012-13","3415 11TH ST NW",-77.028126,38.9326323
"The Dabney","2014-15","1216 1226 9TH ST NW",-77.024557,38.906394
"The Dubliner","2007 or earlier","4 F ST NW",-77.009233,38.897298
"The Fireplace","2007 or earlier","2161 P ST NW",-77.048592,38.90983
"The Gibson","2008-9","2009 14TH ST NW",-77.0316505,38.9173702
"The Good Guys Restaurant","2007 or earlier","2311 WISCONSIN AVE NW",-77.0717092,38.9206059
"The Grill From Ipanema","2007 or earlier","1858 COLUMBIA RD NW",-77.043476,38.9209468
"The House","2007 or earlier","3530 GEORGIA AVE NW",-77.0242823,38.9339379
"The Improvisation","2007 or earlier","1140 CONNECTICUT AVE NW",-77.0412021,38.9049709
"The Matchbox","2007 or earlier","711‐713 H ST NW",-77.0224838,38.9000448
"The Meeting Place","2007 or earlier","1100 17TH ST NW",-77.0388036,38.9040418
"The Monocle","2007 or earlier","107 D ST NE",-77.0051708,38.8945799
"The Occidental","2007 or earlier","1475 PENNSYLVANIA AVE NW",-77.0331982,38.8964179
"The Oceanaire Seafood 
Room","2007 or earlier","1201 F ST NW",-77.0283288,38.8977141
"The Pig","2012-13","1320 14TH ST NW",-77.0323472,38.9079522
"The Pinch","2012-13","3548‐3550 14TH ST NW",-77.033147,38.935853
"THE PITCH","2014-15","4015 GEORGIA AVE NW",-77.0250374,38.9401292
"The Prime Rib","2007 or earlier","2020 K ST NW",-77.0460147,38.9021419
"The Pub and the People","2014-15","1648 NORTH CAPITOL ST NW",-77.009308,38.912363
"The Queen Vic","2010-11","1206 H ST NE",-76.9898522,38.9003881
"The Royal","2014-15","501 FLORIDA AVE NW",-77.018587,38.91503
"The Saloon","2007 or earlier","1205 U ST NW",-77.0284549,38.9171617
"The Sea Catch","2007 or earlier","1054 31ST ST NW",-77.0616532,38.9045219
"The Showtime","2012-13","113 RHODE ISLAND AVE NW",-77.012756,38.915808
"The Source by Wolfgang 
Puck","2007 or earlier","575 PENNSYLVANIA AVE NW",-77.01946,38.892703
"The Stanton","2014-15","319 PENNSYLVANIA AVE SE",-77.0013878,38.8864462
"The Star and The Shamrock","2010-11","1341 H ST NE",-76.986796,38.8999915
"The Washington Firehouse 
Restaurant","2014-15","1626 NORTH CAPITOL ST NW",-77.0094516,38.9120283
"The Washington Palm","2007 or earlier","1225 19TH ST NW",-77.043055,38.906651
"The Wonderland Ballroom","2007 or earlier","1101 KENYON ST NW",-77.0279377,38.9299362
"Thunder Burger & Bar","2010-11","3056 M ST NW",-77.0607248,38.9049932
"Thunder Grill","2007 or earlier","50 MASSACHUSETTS AVE NE",-77.0061578,38.8975799
"TICO","2014-15","1926 14TH ST NW",-77.0323591,38.9163157
"Tono‐sushi Restaurant","2007 or earlier","2605 CONNECTICUT AVE NW",-77.0512812,38.9240087
"Tony Cheng's Seafood 
Restaurant","2007 or earlier","619 H ST NW",-77.0208628,38.9001171
"Top Spanish Cafe & 
Catering","2010-11","3541 GEORGIA AVE NW",-77.0237034,38.9339658
"Tortilla Coast","2007 or earlier","400 1ST ST SE",-77.0055794,38.8849143
"Tortilla Coast","2010-11","1454‐1460 P ST NW",-77.0342002,38.9094541
"Tortino Restaurant","2010-11","1228 11TH ST NW",-77.0273091,38.9065813
"Tosca","2007 or earlier","555 12TH ST NW",-77.0275359,38.8967434
"Town Hall","2007 or earlier","2340‐2346 WISCONSIN AVE NW",-77.072359,38.921004
"Trattoria Alberto","2007 or earlier","504 8TH ST SE",-76.994697,38.882453
"Trattu","2007 or earlier","1823 JEFFERSON PL NW",-77.0426607,38.9066563
"TREE HOUSE LOUNGE","2012-13","1006 FLORIDA AVE NE",-76.992492,38.9040235
"Trio Rest & Fox & Hounds 
Lounge","2008-9","1537 17TH ST NW",-77.0382096,38.9108683
"Trusty's Bar","2007 or earlier","1420 PENNSYLVANIA AVE SE",-76.9843738,38.880183
"Tryst","2007 or earlier","2459 18TH ST NW",-77.0420827,38.9219709
"Tune Inn Restaurant","2007 or earlier","331 PENNSYLVANIA AVE SE",-77.0011664,38.8863798
"Tunnicliffs Tavern","2007 or earlier","222 7TH ST SE",-76.9958179,38.8866118
"Turntable Restaurant","2010-11","5802 GEORGIA AVE NW",-77.0283205,38.9602718
"Two Amys","2007 or earlier","3715 MACOMB ST NW",-77.073091,38.9336232
"Ultrabar/Chroma","2007 or earlier","911 F ST NW",-77.0247446,38.8975769
"Vegas Lounge","2007 or earlier","1415 P ST NW",-77.0325683,38.9098585
"Vendetta","2012-13","1210‐1212 H ST NE",-76.9897288,38.900389
"Wah Sing Restaurant","2007 or earlier","2521 PENNSYLVANIA AVE SE",-76.9702808,38.8732241
"Wapa Cafe","2012-13","6230 GEORGIA AVE NW",-77.0278744,38.9658832
"Watershed","2010-11","1225 1ST ST NE",-77.0055746,38.906153
"White Apron Specialty 
Sandwiches","2012-13","445 11TH ST NW",-77.0267859,38.8958764
"Wisdom","2008-9","1432 PENNSYLVANIA AVE SE",-76.9842275,38.8800813
"Wok and Roll","2007 or earlier","604 H ST NW",-77.0203799,38.899542
"Wok and Roll Restaurant","2010-11","1801 BELMONT RD NW #101",-77.0422383,38.9207152
"Yosaku Restaurant","2007 or earlier","4712 WISCONSIN AVE NW",-77.0813798,38.951483
"Young Chow Asian 
Restaurant","2007 or earlier","312 PENNSYLVANIA AVE SE",-77.0015086,38.8872038
"Zenebech Restaurant","2007 or earlier","608 T ST NW",-77.0205346,38.9153516
"Zengo","2007 or earlier","781 7TH ST NW",-77.0217666,38.8995296
"Zorba's Cafe","2007 or earlier","1612 20TH ST NW",-77.0451415,38.9116929
